{"file_hashes":[{"block_hashes":["f9kFMalKIJ1DPjsboIjbxiy1YV2ByfP+GQYeXSTkLtg="],"block_size":4096,"path":"background.js"},{"block_hashes":["Lf9U282g/fZzOjASgvjU3MTMdof5uVt1K8N0JeF49E8="],"block_size":4096,"path":"content.js"},{"block_hashes":["anwCYGqZcIxbhZ0h3P/EkGkG5Dy9h1jbvkS0yb37tEo="],"block_size":4096,"path":"index.html"},{"block_hashes":["LJSklrw4RCXjOVu4N8CHqa4qzb5pIuCDLbIVsx5X3A4="],"block_size":4096,"path":"static/css/main.82e9b871.css"},{"block_hashes":["UHZbIkOdr+ALeM5gX/58W00mN3sBQVB6KpFr12yr5kE=","jow9VbIVqnL0oHNveHHBzpFtLiblQx0jyhMfhvNc5y0=","f/1ILQN7lUEFErqGVC2L7h3WB0m5uyQVQG1VfCT6gEE=","4eJxpgM+/lMPhka/5PGGxADLKnGxka6OBtrBNcVG3NM=","Ajau/yk+XKTNnrMcpl8+9uAmuooGq6M9EmWsm1iPDrE=","lDbWRit6bjmqnYUBaWw5FV2PGQggJ39IrHcThrOyU/0=","sbS2D5vnvbqvcJYbkvSiSvboQ6aNtk4FWiPr2/1VkVc=","mcmzupue/cyAH0fa74ejX0JUOhxSa4AL1D0yzTMUeMg=","m1RFkPVsXRBDh2GAsyIW6Vh6VvU0+rwNqgD5L1BQz+k=","9LujoNH4WHCym5de/3F++nnnvrAblwVU4OxsRhzeZFQ=","n9tzUond1Gnry/AHtbFwvTY9sDoop7crlAZNSswkoGM=","fS2UQ6oIvuOys1dzbil6CDkPKO53xek1XiIcesuAjWg=","vTehTHah76nF9s2d5PPqUjHXeAutO6rsAlpZvnR40Vs=","D4ZQeZnxmxBH8RtENQ8+gUueYrPTQ68yYROo4NwPoGQ=","U5T+bkpAAyu9xiUpVU1ZVj7Rb7CbCbdiNLmFP72j4qQ=","r2sFmtlfvdwn+KXu9rkQt6RvKEVK2cDKtBnmis5N//8=","P8HNBqUJ0hnObA3uzUu0zcTusm27BaYM/lLi/pIXnkE=","dpe0NGsJumnD+K+eYi0UUmZQwKAvMjIgS0dq735YYRI=","ZyPHwelVRPucCS0SvXw6WMLsGFZvat9O2cLRbxsroSk=","SAdtTtl7urt6ZrdikQ2gHCYxvBgOFd+om1t+VoeOdK0=","g7yOyxt1Em00nk9alOUrBrJePniSHpzWjvGa+9bbxLM=","/X5iCtRlYpf0/FTntUUCzvKtuFijbSNId5YygNEHKAA=","oTGNH6hdCyOcz8BmPhAqbmGTFsgV53dYUXdZP+jOVMM=","et5YE68PGxMiOF6rpoE+vW1Q7MvS3uzyN6rgO/oBmDo=","GI4VZb4UHc9p0KpQcAw7/Kr+3W2gjKILdOSeQXHWcKA=","+ruA2jEqE+SVeJMSeuX8WjikSq42aWLg9gc/qHR68ug=","BTXwddUZrfBbUWHcTYoVNGX+4X1nVj2EdRuCEbNMqWA=","y9v30pCyyxOP1I5PLMxtjAkphvgat+i+m0sshAzOagg=","4ugJETQ9Sj/kdcAee6+WX8/MkCVSfbPgG+12vmmYwDQ=","cAaSLyC3WtH1J0AEF2um1a9NnqzR6wj3rtYgPx5EHdU=","URVTMH3eyzlZPFHNNscK0xOzOta/UPBmkptTJKu7lew=","QACl9ucYtUeNA4v9Uz2sqxKBlMLeS25sPTsI9tEEq/0=","r79p3Zcc1R4xCLkvzw7yeOUeiLfVv0G95nPfw7frnts=","IaO7fZMvFQJEyWm5KAl4XACOxyPHkZA9Xi+ZBlTnbtw=","BjyytQ/GnRm9YhPFAlu4PdQYqa3OwtqgvewXUbdiuNI=","wcVH5JK6XAiqEgcNQdaxLRv0trdY3uk0SfcTdgbKstI=","a28KdU6j4j+rauvemRB47rHAcmtMdKmS7zQJ/Trjkq4=","gv4h6X3C+7mYsstn44+kM2orZ5nIBtNHbnCJqnPa5QA=","HpRfL+wHXDwD5boSk375UT4uQoqJHL10a6s/ySpyEws=","g1KniLtyRxWXIUOtVGHkhnSNe1alcVw/afaTff/J5G8=","t1UqEggketPQu1/iT7W9TPxVnpOsRMV5wGsdsUb3xwo=","MhuaMUTk0U7gQPFSMvSy93YTC4GyBHOtvQEOtDtxqIw=","tG4K7K2HVSEgD4sl6B8Fp4NxhxiTIBV1ukQLiHu4wuA=","Ku80lUsegy7zmhj4iRV2AyN6cVKHjm8jvRg/aoUR7zI=","dk7QLgGlchz8JFOUDkMEQhgti3LwupL+x4q7cOzUm+k=","uMgQPoPtFmyXJpuMF7imKGZk7SAHpjp0R1IHTgIZuLU=","iliSouNwfAWFzCpZtfqBE9ssI+8+z+rDnw8gMAQqgTM=","6hm9kQICh0iAQRuyaZsXLxhbk5CAn47MJANvaUc/fSk=","pxZlO8sLlQBbcPYAKVK5Mmv5vrIaLumToUsl5LKEoTs=","ZzTTXXZDhD8rDy0V6NNb902ANRuwfL3hBAO91J8xoUM=","vEZnrT14l0zw9clIAetgBcQ8K+cT+5yyu/mrDCXS03w=","MBqEiwmwl1+hAlKNn73l5qegb2+dg2dzxt3NO3O3eGw=","zdVPSyAGpPu230H9o+cCspq4Plls5U5Mrwmg40viI5g=","1VKbGadBlmMSnRKP+sMHLitdhO2Lcu7bkH5M6H+fWr4="],"block_size":4096,"path":"static/js/main.e957bf50.js"}],"version":2}