{"file_hashes":[{"block_hashes":["rSugzghXLMJw3kNh3tn2FbXQfPHMOi2Gx5o/u4Z/Pf8="],"block_size":4096,"path":"asset-manifest.json"},{"block_hashes":["CNjD8f3UZQJAuCC6CUpAPUigTMo6kaU/VviiS3MzaC0="],"block_size":4096,"path":"content_scripts.js"},{"block_hashes":["+gTxOP7uewxpDIKqq1be4CPshi9ojxxRwBY4kcA8azA=","oXE7/nYkhzLm5odjCFJfO+PX3oLtWutHm1fbUiAYwf0=","w11zXyPFbCdErWxsG1mpCGNFpFYsmBpT319BuydpHuY=","KmQVHfoe/ogvKYuj/+UbcIrkY9ncK7+1Mzmlh86jXoo=","WVuc7aH138WC7DOqvhx82whw6vzV+a/0uL6h7E9EVpA=","9LTNhZabbtS6uziQS8MNhyXV3v4/X27EnaxKU8FihWg=","W8wtZv77Kjx8pZgih9aMFSDpSUBDXHYstfxWmOA/GpU=","UkIMJ0yEQtWbDhVAoiySDMxpjPc2pkf/p7gORBlsP34=","P9PGA2jNYO4AHnpmNcmqdyKydWLk473YqxZOsIjHDJs=","aCUt+JgjVkFqeLmwUExDtbhGq5KHK9IC+WcCRP2pTKA=","n/BzSaZYWxaALgkyFgBUz2tI3tT5SSCL15kwrOrtrYU=","RIQcvRy0tlqVQvKew/OcowCWxY+O8LVXssiPYWrMNAo=","lwdVgwlW4SHnJh5GeYJAeZTFbFRt9iKedQqXnAdX+Qw=","CXHQNspx8AnJGdPcH33vf4z5oCBLI8NlpX7EbOE3Prw=","MeMi7KtYPFVy4yFKxl3AhuJgH0N4jf8UAjW0gV8pwFE="],"block_size":4096,"path":"favicon.png"},{"block_hashes":["IAm6pAI3nx9Hp3xjazEhgQDVXLopzwyfb73FrWwFK4s="],"block_size":4096,"path":"index.html"},{"block_hashes":["kNJLw79pisHhc3OVAimMzKcq3x9WT6sF9IS4xI0crdI="],"block_size":4096,"path":"robots.txt"},{"block_hashes":["cf/XLTVGlIBascDQzXVxph9IgJ05uqjKf3jcgcze3SM=","UqbKiOnrf5vQaWgrrzriK2H9+CKGmMadWgImlY1OHEw=","0jfGJrPvnUDbs+zGAJFo5rPqqLfWImIG9oGkOa3fRzk="],"block_size":4096,"path":"service_worker.js"},{"block_hashes":["pkDiQ+Iw8S91Sb7Ds+BHhW5L3i8HdYOLU/LqLb/WozM=","FF0klbJwcEuUg7YOajEfEPiue9AxFWa2+SW70W6DU1Y=","pWzr2xpEmU8deF4TfRJ86XbSh4rBzKDDpdGsNQjwhk8=","iPtI5xCnOvw/VbVM2MZoFtHQPSFwZ2C22FWpELgNQxU=","qybH8WQIdjt98CoW1L7yf6LJ27Rdm3mPhdgjUetKPzc=","mIx7PAX8CJYcbaPJMR43+XuQ8XtBLft5ef3FNaD8XNk=","ZPVTJrG/JaPpEmzedX+QQq1E1yIDvbJmzrMA7JhTu2M=","UkOv1J07FcuyAVJbxSURpp8TZt/cOM5+VFbAyr8O4/g="],"block_size":4096,"path":"static/css/main.801ed14f.css"},{"block_hashes":["1ze9U5GGfLPf6j5M39hSb3vveOgPIWnHTYuUgcOTM5U=","oRuA4H24/HvX6ulZj/AgpLeuBInjLHjmscvWqXqjY9I=","soNo/s8kPeaLRbMCN6Jd9u7u6LvJCTa/6tLmnJBMXXM=","1kbClHEpab6zohZtZ4HsENdJWZ0dyEkQCYRBP/MzFfA=","J2aqzPkT1RtNdqMrHJEft2ZQxGKwNkxndoqK/oUGuuw=","7PQpT3es68z9mDyYhT2teNmRMoC1s3+xkpdIr5t111s=","QEi9UqpmSRMJDNZ2/8zVDoXGaWhUMII0k1PA2j/KY1I=","oxBh+h6jSvnW9qbumwXS2tzaKIuFuVfg0GYKYl5N9Iw=","aGVcg7Kyvj6RobeJVoQnvAzB1CH25DZPW4DOH6cXd9Q=","blTiAozadCnEEdPR373CxNsAZ8U+7txVmctx0sSKH6w=","RY7TiT+9vkrELhE8YaI+Yid4+rb6fnq/wNvk87uKR1c=","mcCB68kOHW0fscG8AVcf9QW00X/KHym6bPGLkqiQwf0=","RPEnNpqiTgf4jGUthlJQSrlxrgI+HGLkpnkv8WfCa4Q="],"block_size":4096,"path":"static/css/main.801ed14f.css.map"},{"block_hashes":["eLgufbFDa8kLX8eF15pW8M6wRj8V3MntRR9tVggq42g=","0V7rCFL7k7bIEs4PiKwrV/9x+QnnBq7aW/SNoIhxb8c="],"block_size":4096,"path":"static/js/453.f9a53536.chunk.js"},{"block_hashes":["CrQnIyZ31iEvIhFMV2cuzkT9Xmy250/3rrN7VPYTFkA=","yvKF+JvKY9gknGpvR4/Jxq3tZ3PIDu/icVgfLIJg6k0=","AgeJfczDQI2nEC4CHbuyeBV/5peavg+cgEOyGaq7KvU="],"block_size":4096,"path":"static/js/453.f9a53536.chunk.js.map"},{"block_hashes":["kiUISKyK0jr0jJ5FIuA7uxNb22LpTOOlj/6w59+3qqg=","JVEYpjFtPjKc+yodmafqcnp/EJpfG5JVfhGgE8Ns030=","Z6kO8Esl8tIcfsGLq/TOyVss0f797yNZ7DpWp237DQ4=","gYsrY0kEL77JuFPTv2uU/mzzVK9hSNO9cHl/Nz5O3dE=","1/OAHGXMr7GKEXn0sxBf2wxvBI9Q55GZT5Xa6I6YIN0=","sVgBy7LI/8tkvoFCS+t5hXAs32IXGI5XhRM5edq3goM=","Ub4EnZEjRdgRYiBtRVrbhJ29WBUwaDxmDWSkF/uwNgA=","yWg3nXiMyPBz0qWsISCrViJlKYY2/wKQYhu4cfgJqKU=","QI3kYDyp2/fgkxRO9VDn2irGfM5hJ7TisgK0gVzBbf8=","WI5xqU+E3W2rb+6bqXdETbKfv9Oz/XvL4w5FNvY+H4Q=","hSF0PoPcX9+pmW+KV7ugn4c711hfVJ8PEsQFjAlYSBo=","SCN0SOAmvjWpCDh+VZbJ1et2LjsiIIYUssjmtcwuwVk=","ZUweq2E72F23Cw/2tfABbjatEkC+b9Ny5YG4/8kHMuk=","BtvnSJs+qRBASnsYdwE174EDwUH5KdzZH3SnSFqJW0A=","aSAvdT71p6ClroCrT01MmqH0ADmURAWLHrAAa7ZD0/c=","p4/RVGMOQwNmbNlaY6FhLJlcwxmQzlK6icydzZrD7NI=","Xr1aaOxIUZ737+vxZLZzZUjNNmWOUbr4CbXAlIUGeUQ=","qAi0pRztYolDSgh0/Ph/eMxJWQhfLYE8rh7YPooyOhc=","4JHSZyc7Nt4pijVlX+c6NTTGk+EnKkmgaHm9kkYCMuc=","KX5L8FFNV/snzQMKLr/POtfU5Y/NQimqYrh+ZqoCWIE=","juKx3hKGkFLeINId+/2EWS3L7IddTdLUtS9PxZcimDc=","q8q9ev6hSdyxiLFD/NffjXLQFVnSV+TBs8/LGBq4zbw=","P0XBmCb9tBFk1bYbAwsUZ66Fhtxb7kdPtBDNxJvWCRs=","YKuIxgbIcZhITbcJLMbAvy2bIXFw5Ch08vDIixj1dYw=","NmyFJhqrgcfhYABO/L4YCnzvVbnI6qpYt7bizHkKaMU=","AOhgO4yReoxR4KqZ7G9nRem3QbAYTkQi0vJFUCUj58w=","tIAB2NNCJr4scFGaEyNcaBGdWMEfUHbDYYrY9R/bl+s=","LrP4ps0LLipmOuD5fgP3d1C4hzIvb6Tye12GB4zy7ek=","tVwt4VCXnWyS+7tsbZTRQ+Y2pGFm/Xhv2ycG6/cvsoQ=","/thPqggmi4YOsHqH4xX6xaGtKUoceVyryYsUred2gUQ=","gS4lfgNsLvzzYA3DGqMvf+2hQfYC0wUZrIPrXd3GFL8=","fntxvhLN/Bb2tozuVjqcG0Ujjg3AbOMK/dMACgZPkh0=","2iSyl+GCQPw0nW60aDbk8rv2P5Y9Gb/Jgj/9mAEo/as=","2Q9UZzxgo1jWKkUYjD4OLr+vDmW6Zc4E4RJ+6p/SGVo=","jkN3SRAn+NyCf497ID4RDOqNTdzs3wtUUuEhZZlYbaU=","lbNp1aFrYc0kLysFpwwk3zjzAMsWhwK8Dik013fjQoc=","QuOUyXGurGwPQ6Q733Beh2n7t8AJtVJi26LaSm8wEHs=","RRMk7jdF/oVIjacDuOXSDqFHvDvsvTWQ53aT6qjFlhE=","UWFONUA0qnNOWNhBDPssmeImrAg2T7MO1TCqa8MPYdU=","LNHyEWu5QTsMpQN2R2hFmRtzn+A5yYRLRusF/Q5Bt3g=","KyOPOmPvBegypTk8HIuVCuWAMMw84UJwTJQgmtAz7t4=","evCjoTul7Mt2ZjJwKr4bWSaLRSf5Lfovo9ZZQ5aEUFE=","bEuAFJZMw3aChT4JFLZ8AjrDIxuJqUE6iN4VCOf52Y8=","A2a2TWn/q0UKp9lKq3auw+cZ6sSwYXn4sjXsl96mGr4=","+oFnOGY7/lqHlH3m4T9GQJlnKLBdqgUSQdWKHN/SkE8=","dtXw3uaNQazbbNJHAPKNBg9JTsT2eioZ3j5gFC9x9tM=","XFg77NGiunA6PcFgXkJ4wvJXlPwc6/43zOu/4wMshPk=","Wr4YPOkVqeODE3iZ94yyXpzAcStZtZRMKzERrM4QJtU=","WhWBBSjqw/4bC700XzNkBaJju6oZtO9AFN4F+CVD4mk=","k5kNeX0tZi60GJP/ZW/IMBrTC2UjKTSbZUyQhQasjRw=","bX/2YiowCHEtPxxAo3ILC0urtQZ0/u6HX1nHQ4jU0c0=","U92mXpv9M9ht2wHbdAc0rXnjdxzdHBnRRDxREoAlk7I=","9rhgaVwi9I6YTLbTnxWr+WpDUwk6Y+Jzy8oaM9zRI+Y=","M/PSP4j/WRED1h8pgVfJADpgjcG3+OsaEyCMdeUHR9c=","R+mWw2pl6qJtezWGJPtso7L/yH9ohW36VvVsp7LxJmk=","e98rnzBrb2nBUPBrBt9Z7Z6po6HAEQJ3TfA8Z3ceMtw=","12AYhhFALjaz0KV1FAgasp8VOuVLDOliE2fnWrGRWNg=","OR09K0nbfbf4qeAwkqRAkoEW2NGluDED0INZt83Q1PE=","A5muB5hAdlF9/vB2DvldFKN1pTI0qcNsYlsHeQcZYqI=","j8EySsh9QpLb2xBv9pwq1qZaAylr7FzA8LdWmaUQdoc=","zSTfZoIQAg0eX4Zi6mcGHz9i+U2xs4ZxhSdwVojdaOQ=","hdrbZ4uBuHhq1G3BNv6D/WT5UhEBUj/ROfenrmsB/90=","SqIg4JCedUWAMGeR/bVxYiQZHFujbPFxrL1IE4AcaeI=","8sRkYfFGd9GDW3jHPLhzAFw/ebBoqAWqzo+pxM/EAm0=","CHmn4+LrG0VfpZM03BL7yalzgwOgoFSNUDzNIhB5O/Y=","8miHkcjMoSJNn7/IL1Ujr8cwhflCREjv6QYdujAJjYY=","8WsZjn5/OBRWGWlJrZxx81ILdJsXLf7lTujRe5LX1xE=","bCycnkdmrDifkJs2BFz+coBd5NNtRmJ5bbSr3Z4pzcQ=","xq6OK5KG8G23llPc0zESZHIBMixThqkoZ42DL0hRYl0=","dz17Fk0suM6GsmyIrRl2xEuBuDrWJoJhy1NRJkP/N4o=","7CbOZeRDRD9b7GqSDggqKR8K/H2s6/+8xz/xKJPMbHs=","JxpMW/3toBn73m2NTRBxI3BfLSdrp8zv6T6eDs0MIjs=","wafJjs4qFf9QJAU3GVaMprpxP2zm/ujzXj3QNrFXwDE=","i7FRNQtZcvaI9M9g+ZK7GSXdTH91AHtDcNBxu0t7u80="],"block_size":4096,"path":"static/js/main.80d58eb9.js"},{"block_hashes":["sqAHaGdLLSQxZeKGUsrbsFytEb+U3JNnPq7JAt26EOA="],"block_size":4096,"path":"static/js/main.80d58eb9.js.LICENSE.txt"},{"block_hashes":["sxLk95nzao/55ME2Xr5P7tvJbYWYMP32+EKyCSz2mRI=","3o8ce88SDrf3bqzxMaXiDMG2HpyiRlfkZLGBuyD1K9Y=","ayzCMhR1kcodQmhGkhP+K2nxs5fG8lcNzSqS37GISIM=","5yH3z8jEP7A97Czh+lQOu6pqC6qSXxIUverpldfUp+o=","fU3yylg6zzPEFRCJTJBjpR9GfShSx8Eh5VJREfvOego=","VqAXQ8zk4w3nqXZYi5+oYN2/h+MSxsqpvBC6RwVh2Ec=","3Kkf216vjGFv099Ry96e3gEpRe0OwJ4yUiyLS0wj2Cs=","fzE98kNZ7r9a3/E34IMi/LDMnXVqBOG+vTWCwh3a/y4=","i3+xX5CEq8F9snMY1Y36qUP62t9A44sQKIUo62IofQM=","iVbwKRYQOsBnN3uuEF6dWGaoYdnsbizqZUFmJiNy0Rk=","U0DCTOZTl6KmKobefj5YTH3nbvnUHHk0C5Vz/9BWndQ=","YXbqSnwvEtTB9eNGKS9KdbYVyi7uSIzQUqpgpMDDbi0=","a/8zE/86hxc2bZQXM5NiaCSiZSarRcAxKje+IR8BfvI=","DA5Cz2OThOHGiC+ecEVHFNR2JOx2Dn8NcqihnvT9hXo=","eT21sF+Sp8rvTsD9q7FMKqapAL9NGhoVjVOx2iXOK9s=","JkZudMp/n3UZtoHjozcxVHrdlcU5CF2CLE2NGim0Xug=","CtdpMD4wlHQEwHNCNkSRfgg9rnxHVJF/L7pAcNFOoDk=","v0buU/xKaXbTRR46sDv+Omlny7r/fwMo8DeqXEGhTJU=","GTFvfAlyWCTbdYNPdAKFCvyjE93bziRup3GdjS38iIE=","OOwBrIiarB1sSVwfsnLWeoTn+TkT3tr9i6w45yUmFjc=","6/PXqdeoXJ6fJdRaRHFNrWsjnRgYZmqSeIEBunJJ1OQ=","5pUou52l3Uk8FvLCZ0DdXg1bO1yb5cEUywPGCmwvtYs=","bKYvbyqE7gBIcLuFSCMrIU5ZFADFfuHiRZ9jwGiOJTw=","B3rm042qFMSPzsk9ey9NjIwP6/tiG9qZwV6ZM4bFDbE=","YUGW6h5/slwaQTi5p6JO9u9nKorghRa6EKgO6VdQupU=","f6+xH36xwYrPJSWEahhvI3F/Mnjgz89PTxkFuSqmuKI=","HwdkRIwdco6iIP0yGWQTRRN9CCC5GrvQTf7AsUD8Zcs=","W9D4vjaD4BM/WnVBJ4qwLxZatI7P+dAmwpMs4BZwxtI=","B9S1fTj0bVRZThIWp+5sH5CI+aaFfbpbFY0y2BqiWCU=","ZsUijKxs2oMNXuRyppD8YYhvmBDf3/DAQeLroNPiAws=","GI2GVjlAXfY5QgVUdXUyYaRviXy1cILPvXkApkyI3wA=","ablRu7WL+MD/67eJUww3v1tgPakmmQLpyYfdltcBvG4=","OKtc14pE2WGePqkEytTDiLhamEazWpxbpFNHJt1Ojsg=","TjU4xtHis0Kk4OisNHBUNNjGEoW8DkcBwmgwZGKI2SY=","uyOpYENLoirPYswIqjTM7DRfba6osmFbIE9Iwbo4w3c=","CY8T8WdpaNT+ovY5JNYL5rE5NkHyRNI0bV2/fiZAmI8=","iee+r2xeEW6ah6i8M4udxzKYXSQitDVvkYA69m20LSU=","u5p9y6Nwc+Yw0gwsEpaSoFnMK+qbarCwLphwrl07djg=","Q/C2cv1baP+AXiXXnCITWBf5nzqTlnAr1k1uHHe4RqU=","jHoWYL8Vs7L/J8ZvPCM5+CvKkdaV0chcBzjJuib4K0s=","CmJaWA1dONuzqnGnnqUqLZq/LfFggzeQ3dGGIU5wvaY=","z7XpTIloxlABxYHehY4dgTFiYUgFfuWRTDoyt0O0Z9Y=","ei9b3/uQCU4+xvsoZo2c6t6FuFvlEZapXX2MOBmIET0=","TctGoR+ebGbhEXOmmTayiJZ3NIB71Wb/UQixyyVQNcQ=","GgAK0S71R/iSNcPaLi+fL5cdnNYTYLnx64dPfBZGbho=","k7pdHkZ2Ay3XyBR7ER6IW/2ISDvnHt7h+7uT+Dm+ciY=","zKfDCW06d+JflA4sfcvLP+ZkEYKVuemwDZ/tprKrJn8=","IAiEvlokj8vO+raCgxUV0bEJxhjW1OFzoiHeCTp0Nng=","zei70GRPar1CYH9wo5NcpwcEg96jTg+nJvoT+kS7oEo=","p8s9EFbGQaB9Gw672qlDE59Fafgyz0mzjx3CkUhc0ew=","Eyr7DERHMO/b1ju4z0nUpVd9t3+2WcYhWajT9jjmDF0=","xC4PyueOQ8srxcidgAgwA90xg1s5HgMcW+YPytrROhI=","frTSxRaLHl8508QTan7ipbrSbnoM/53z6cZJ1Q1ujUQ=","TanhUrWxyBt/sOpHN7lvwht9ORyEemqBbHd3OcPtF+8=","VRF/Q5aX/D+0eNLhh5zxsXjvT3hv3avOCfIi+lPQZKg=","RQWZCs4pbTQao5eQ7/yVoU+N2fLwQFXgQ1MwUw1IsNs=","T3e45z+Szn7GwMA8kOHMIpIFL1UFEIjMtelGEzpk3FA=","RXB0rGg5b9m2vXkt49u77wLtrd/Yro2PsIGFA0H5ses=","MYUZh6E7kJ0Qnkm4UjF8rVwSITaC+10G9DhLVKqVRt0=","4jnnRZawE5Hmc4fpB7Hfcdo5yBGw7T11TAIlJv6Kdsc=","E9lMffXuC5xDKuVjq7JWQGqE5gaqylRgc7rSYq5hWTo=","xPkzk1F0CQ9Z2mbgR81q/XzjV6hGwF/pLBdzpkpRr8s=","sZnINUj4msX7yRJ+HN5Ryr32yrwSFIVP+utL5VFP4/E=","UB/82CN3Z6OTF1ZFGjxrGExuOxIpjQ883YrV/EyMRbQ=","q50Wm6qs7zHoPpu3JTGiZ6WvW+LzajXJAutN8BdVVRs=","qgmmwvI3lPO+CCCE0mTPIAMphANM5Jd1mejm5aKB/cs=","VEBZ4exSCe/IfiAl4YV2lxvrltQO6PruHcJ8yFqAuvE=","GA9HpnoxItSolesDzdrJ7ZxdaTykOsIMVgyexyk8WoI=","/3CI5zNq0KtfxiljYjXWIWPqD+k1D5GYVGXPWESw33U=","pEQIrAkGn7LDbQnx0gYpiv9hTe7Yp4ALhvSMtaziRvA=","ntq8ZUUQEezm9G41kipup9wXi+AwZEUa/+LNeorb4Js=","Di3FAOIt9+S9u4gn4d0JdYM8CrlMhpJk4NX5c/lmVSo=","bgA9Wp/sAY9+JDWkc722PUuSdbm1GJGdwL68MORx3AU=","baPJ04Qch7yFlxD6Sel/NUpkDc3qRqNsDks/l/1wzf8=","3WGdbYNK1bdvIZ8wObp8Y247ev1Ibsl7WVu8gftzr9E=","kI+4uIw+2ZWYC1mVlr+zZvlE1EbY9kbv7fAfm7sQ6vk=","Sq6IhA5H1519mjRF/Ki5fHgIhlv/1dVYOXLy8yBdI7k=","4TKIHglD3YvocQeB976hQmM8RR+DtfbI5Q/e4acolms=","YbtTPP+ah36e1bGvrXJjXpu5ydNKQOk02y5WOKohiIM=","pUn4YpsHOsef+gOWzrc/NTBueSYmcukPj0N0sQzZDz0=","6H4QcLzsxCZpkPx+PJXKKP1tkD3Vitx25XoyxSZwGcU=","9P2hcWVTQsMoi+HdTS+QVDfaj2TKsxP/g2yg8qZUnD0=","fyZFRvWq8FE2kDEi5hda6hPflWaaRdW1Mg0yeuXQD7I=","Mpee7eFBDLMXJ/DqDoZdsunghEeSWstyOW3J2owuG+0=","P5cDP5By8eoTFIIF7EhuQMhm+xoO8B8SDPCnLCzRNUE=","V/kMsXmiSJywY/P0k2Mf5U+aURAnV3x6M36a+XXW0Tg=","0lOc/aFaGjTABYg07FcIVq6mqNZr54uW32Ad/B0pZjA=","8v7UuDa5RkrMC4uI9M6Uj3eUgelCSk1e823Bw56xlbk=","f8ldCeKee3nLS73aPdcn1tDumhafSk35uIj8nZC+Ras=","gjm8J+hRv6H7qSuyTBl55ght8QLe3y3wu7eLULeu/aw=","TLbWJutX0h3DRd5ctNJ2ioodYYR8dohhSalJo1hwxj4=","e6xlITo8dyj57dqaP/y3ek3usYZ7EhN7gKxoLq1GD2c=","wdlRgLg13OxqCsAQkrVTYnVnY+tE/hjW6zUWeBVf2pQ=","osVev30ynya64IpAr5+7Wys7RNDb6kOJd86vUuj9y+c=","MupUyDXmNyawesWf7a0wKI5gvL4jY8ZeHeLVTpXbKfA=","f3h+IbY1MzCSMtfgJ3qi88s+7FJ39vAGRcwlbIhKT9U=","LxOlZ7PMK4RUgjC7EprF/1PEihm6JrR56JBLdRRoKDA=","AEsu6hEzQ+1ZTgDWeZDUZmArQg6bgf8Z6ikc72o2w/k=","9Ns18SCo2LN75mSJJ2dTsD/a7oAgYdlhgn/Kz8trGoo=","1IM2amMkyb+6YjWKUREGZbaf6tp0IUfCO5UKXAmbx7A=","ifzfIONqD6iGb3pTnSh1cwC4/Oci6E66720kvozV7bk=","3D0P2Z0ctEAkIyMmnB3cPLhaMnZwJeyV9fSjR/+6dNU=","creUfh/iqqufxpvqo02tXJQ0r3f+Idzv1w057hi0maU=","6GK/NyyPH+fJP97QkSOLFSlhb4CkSaLKKd8qdfwcbAI=","BG2/kAKIIDOaWT8mzz+GCVYhphYiqyKIQ/vZCNrpBRE=","LHYVuNXpaEceAOyMh7lvJvvc342DbrOiv1zUYFg+0mU=","PScYrsAtwfK5QReVgyUzE+MjAZWNkADsW+IchLMVRd4=","Oq1S97FlYI+kc4rgMjlbJp64Fss2I6kp+sXP7Id/E0M=","8Ms/1HVEknP1uTWLK8n4Bvc/LiYJ9Rq1YJq8TZTPuNE=","QYfoDSXrXZSiCp2XPeD5aLZztwB1JkFHS2a1NMOsyxY=","cZruodydltdhpKfxB/EJwifqM+6uHBFuucHSL0cgdd0=","LefGxQwoTP+XyfDZ/jsokknIMiZFvJ4MZAJ5rsyihYw=","2o15m0p0dcx52M7d6lxRpnhcDqUmu/T0wR4VoFDrb84=","qTrw16cwFiw4/P7nnMGE7Zfgvn17skwTZqIFscBWZz4=","yeG9V9MuPZKriOfwrtvmkHeiqjUAL1HpN1kXefwEryU=","Z49YtwBj2KP2u16UYjFN0RVhj5pB3K8ff6KrCKP14wI=","qLvgurOuO5Sz39elON+IiFkhLjNkuXPkra1iSHkoTHQ=","j5kjvNW1w+gug5CfjUJ9PIhG75CSxPMpP+AcFT6PyAc=","tUTiyQ4mLv+zf1eCZ469t5x3Z32boOAKx2CYlKtwqWA=","l63FRsUfoCL+WMzO7KV/XfH43DA0TgMZIo+Nml04iX4=","kL8MGQabxBGXfQRoC+RPsaSf9xKq2saEagqkQXz43Ew=","VvgU9BiAnFODG9sICSKU+xKuKots8eeVvz1c+/pBRDk=","EHzVs7hgbq/jf2n07x+xkuB+NxbX+xQoW2MEHr9tQb4=","656iLreK+ML2eQ7a9M35uUKtN1FLITNGIABGAmoWmp8=","TOH9pKdUctFFJ2oQSgPhgHmA1kiKsblU+d7otHbThos=","MgCaZmW3tMV6o9sk4fdyOe0HbLzlna0bUlAvTO4XofI=","JXbzST+Ew3SDENO0HkDMw42vHVS2cQhfG7yicakgDJQ=","PnqV4FTPESBYQ8GuDPXdyy0sYG9cbQphSrOOkC1r5sY=","wVHjs2Ewlw447/3TUHY9YUZkPkrid48YNhCvGd43l0s=","ISO+u7PnX1XCvxgFI+PB+WZaEb73Z+ATw9uYkfcB58E=","bE9mdsJccO4BD2F81jVKIcW+xDL+lpj7tENiRYUFPFM=","zTHq9DyhHSBLb5794fAzlJFOosoezzQkUaMBX1tDvic=","qYvirHMVs1wsDqB4TRPeM9mlqedwUnxcnh6cC+iSSbk=","XZ1R6KIxvXPWs3yGABVv550qef6J3uXXBCwKUxqCL88=","y20N+Co3LFOQBDGrEkQR9ORfcM4umTPScOTU1hdZeco=","2il0BOBEpVTUi09er5UZSrjwExmU2nBpedyeP16ywNA=","nuQfSjOZFXF2S55ryuxARD492CQygETXFFv/zvPXvI0=","N9jIMHQAhEP4mI53S/0RydpL2XVcu3WhlcyFcPRRlJI=","HkBhOOS4A9DNYMvuVW/oQACVBx9BDWp/itRBpynVx+g=","K854witU0GfdBfWRUzypttEhJVAKlX+vzjra+5y2Grw=","xmzUoytwSdQs72kPgYcpOs0dWxxKYmiE1O121C4GbpI=","jv/XrKE1jW9oC8RZdQjbmXFIjbdSBo230M3FX3QEWS4=","w8vJvNAWJJ5f0ZCTT3Lw9/k+AELp/sUX1ZfTzoHk3mY=","k6LQ9Lm+S6osnmlaIkXVr9+4kw9ZqHg83QLj9bWwjPk=","0ssazO6HWf4hXzikeRqTglC5JwsV4lZesJoMaxvng4Y=","BbgNwUnnndWATucUF7LK70w+mqrmNDCoMulZIZiRYSk=","K1M48bzzzNxzOiJFKmYVCCKIZFPYq8qDfJtuvrV8/bU=","XrXIO3GG+Wo5Vrjp+8izZOyNc8ohc0UWdlEnXrQZfD4=","5UdniDrxd1jUNvABCXnpu8asDbYHqHUMqwvOUeQn+Zk=","y0BJ6J8mWvTPidzKIQxrPrJ+P7g+pjEl83Bb2mU8Q64=","WmmI0oJSOVpVgCRxKVm/X1qAjEMEjpjC/+vvTRKTxik=","0h8Aa/eXWvm1kUBkUQfYkLl4tr0qDAZB3W9QT5osasM=","9couYDe8SAfbrRn25SPsRd6h7OvLqfUoeFPtQW2A0xQ=","2fFpWIUEzCwSJl+XsS8jSlFwKUAQGIcPo2TYAgFs31w=","qanKzNYNBK7xYm4bF5ZBOwuqqzQZ1aUsXmIPMP4uZaw=","BcZF70H8R7Sq8SrnOOlSzkbsWmGsX61cs0BWjZJZfG4=","Jdy9ViQODhhW/JUsTpRuVKv8JiXUtNK1q975e/kvveY=","zXZuZhMp9zhSH+W3LnsaBKelBZpjb28QTVr97XBdAHk=","TSxymkiJJSjG3BOFGvdNLo+klCUe8cLJVQPUYdCdWJc=","bKMOk6JnzlAiG8FK8zUIgdgQUx8fjZ/Sdl/aQPGhmTE=","sx0xfdtDwLLH7GVsQtrx1BuaXUrhilkD2osR2jJBNcM=","i3A/3qk/Y2pTrqyyfDcIsc2Qbdi1IwHAaRArAl1BQxU=","93rgUgJ2V0hDarHs8l3G+KvkywZaUp7xSfzNTiCB/Qc=","L64P4U1kLwgY3V1Y++tx1WxLuWRQOUw22nOvrUwydjY=","6Hi5gBdkmmAcckuOVjAnOxT6jqls+um8e/G3HNqcHcQ=","jeWtkvuLRJJ6D327AW6gE2/wvpj1n75/U/r126PGWBo=","0z3KEGCMXzTYHOiHnbko6czfJwUxC1OLYJK5wAAcfhA=","laGYFaIpZLej5Dy4yMz7mLnXshM+FySeheFyBa+UE4A=","K35HUBZvl0mwXj6EXjdb/VDR3E46qTKJJg6WAGQuKCM=","4xKY5xyavJBDrNO08fLiV0KRVazLYxzOwmA++34LNCE=","4/ugOzIBvInN1R7E4CFwUm97xoKGVquUO8i3MDRBjGg=","pgZD9WslYaGwqPXELDrkeVR+rGHbxx86/CKdzH4tukc=","zJI/mRHtHPbHaWW727h6FcZpxtUaRA1fX3Yn1N2+WFs=","DUNo74CB1lZeVtKeqjr7nac7zwZAgYzgfjbhspCHoRA=","XLU8d8lXJ5Xc0g1jRyk8dGZW4jOBv8C4HVX/DpBHxyM=","hQ9m0za3DIjyc+moDihc1tfq216yVqjg4Xd8XrB1ePw=","p5EZ/MJBoY39o4SpgEuTUqAjRpSLl6d9I/wjJZvgmJQ=","b9DSHt7hRjA8DbC1/Uh1bxPVwpkIANUwwfOLFmK1Z1A=","g329YOB+a9fRnsPcpgxyEqwVogt0sKornrUNE+sJMSA=","XOCtjzKJPhxJsyi3Y94DFekV4+uah23m/VIzDtthJEQ=","6Tyk8X/cA+NrPjBiJstLqXWhdNefI2MOJmb2PPm8YVg=","xV8icdNukUVbapASuyFHrmQQZb78lD0kxyHn1UOp8bw=","NhOUyvyY5QKqc7pe7z+xJklGH5F6GSMCBXzyrPPoCf8=","rIzoYcvLpFsptf/hSS/jkHO/IxNoizSlemntC0uNrvE=","tVafGpa+bGLoEd9CEjQxf7AkLFWZFuWNVkVPLtO7mio=","9AcL9svbF94RkDnB0g+4HSobRGZF+dHCy5J0cHu3VaY=","xtR915FEK6Uwi9dwJhGssP71yh67I04G7BpaFc2ck70=","38MdForqf30rHXGu63yh+zH+QJdnfoz5drWl2kSEczY=","2bvxv3orVkt4z27LrFQWUuOYI7lu/HGVG2+l17CW20o=","5OCTjDvkcYkndkCsdnYgDeRyc/u3usDmgbHzUftTRgA=","MMlecuLcMEOBAByyqXM3wsVOV/snkYrkZz0TbdVFplY=","SbSXdPcOdNdRq/DI/bGBP2yRpIr/Vsk102hCb58M3xE=","K+Zik6xZVexgLZ9s3C6RFLYF/ShrfYF+XcNbXMgVA78=","752J1/TZM54J2NkcLT+eYT1Hu7TvNRRAgu4sM9Lo7pM=","2hA6JxEGs1YITnWzfTxXuN0ssE5Sn9QbPUofDscGnoM=","jf6zqavtiY+7gC+9koVd5jq4t5OX97GCcVLOIBtCwDg=","zmrC8/DRx+Jd+tZ6ZQdLI964qEDpKax0oGCmraOWrc4=","WVYIzRMgiRiqlLAdueB6AZzpaeWcMFa6Z9ADGQaVC0I=","0Z8WijpqDO5CZjzUWPo9bWahAMdmzCeh5HSKZ7TuVSk=","PsqecmeXtB7CLQBiMIhAvIMgkTSSoCy3deOB3wc/Ixw=","YYAkLYdkdpfJbUWza7ooUgkSw8wmHczwyh2zNuQR1tE=","QWQN0VpL0YhWf/H2MSvH1LjsymPzkz2ZkYi15ylxMXQ=","4hpet87FNs/QPaiTPBtmBgSBekiY6cxLo0ciem0/k0Y=","RBPh0rsUDApV4urXeo61Kn3YJwrB/F9uWc09Rkw/N3s=","UALvSIsVMf8nxPRBx14AESr3AkEL+/hMyVdSYWEKcrw=","sdfhPWTsLDg6tkpMxYCIFvETT64BJTBwGTZ0HKQTBFo=","nxsvYHUHDffvel2Ftbu0rNwEuEgWNvIRvZgDCb8GDdk=","d3ckbu7Zvv21boHYzkEzHbmoG+UXU+KQ/zSvLjSIk5E=","WhKPadJXlEGoycBrqGgE+QVfOrrFJ5uHNFdZdxqqm8w=","Nsj0fqaPF5BfoRFgtNHxXvNXIJaQSYM3+tV3NRMVeR0=","t7Tw5WUe8DDxyWSPaVHHd9lhBP9htCtakFh39TpOn28=","bUwCuD+fYTFQG8v3pKzKljFGsWXOB+nsi3lTBhP73mU=","oSnoVDZ0G2RqmM98FnrqsSEthZK/j2SmOh9oUkV2roU=","DoEZYx0PiUP8kVTnCgpDP5cof85INa79OvQn+/3U3jE=","IK3asYaFaqT7i+9m798UuAGSJF4G+yRDojfO11CnKiw=","VW8GihPSeikuOG70JaKBenVAQMNEa2CCU8u7G/vG/Wc=","R+clDMEmPXFxy2BqNd6t6KtInOwEjKqPP5ZeX4Qub0I=","LlWrRZNQl8CwTDe/lh82BvD8FnqTNwh6KjZ9iWPF02Q=","W3WhIrH8kozuFwGZhj58IBkckSX4iSoVZ74gCc10XXk=","n7GHJKI30cT1dQiLxQAZyaNemhNtPd4gcCI+cCG7tGM=","FeHs7pqsIQ9Ou8wClvTKLrt445BbG9EztQ0OLFG0nSc=","Wn+QdRp69twWwZf9ZH2YEWKfBRu7cK6Rp5vCGdr+ow0=","7x9ioXHHC1P37nrk+oY0PzMO0LzYj1Jsd3PsCLdULn4=","ELTU6QrXyINpRHV+1dTSA27mgYV1+yhgLUH6JSjSDCE=","1XTo0pRgQZG5HSO95rKB00QfqhZAyuwc2/2q+Qdwc9k=","Krps7WFZQJYBvOwEAVd7VXe/XLQsUPC2LpF3x51Ficg=","IEw2FMT/qVE3B3hm+Q/nkHzUEFEpPadDu3RinBcK0JU=","xJb7AzZEXklFtywtvMCwikQGHToWgSUqNnOjjlY9a60=","pKHzhvfCAreOhNN9RmUu+gIhaxnLPHqJu9f86uM8euA=","6nO4jNduhZrg099rA1ps7RUjB/y2oFWLQFFM6WSYbgU=","NiyOx1zQB+3GZ0Vy43vvZ1vj92N7aOsc/X0oFNy0oeg=","XkNBc4r3zpi1Tyb3aFRpXrXpQAAyNmLWISphUdua/AM=","ZFS2NgqCKDx+aMSFcOQSqLONvXAJT9gfOwafY96saG4=","l2QbKgmUmYftM8RNaLyrOv2voLmiIzqCdchdxY6GMas=","IbJKMIpm6MA6M1a8uW3jm3oByyfTkMAwGi2p1Nn1/9o=","8HT47tLY9M1+OydilESZoeHrqY4DXEZ4SA83LVGSr6Y=","7ZWzeeGnyC1U+36jCo3415OM+z8tEpaL/2dkf3JLMhU=","TGYorf2I5cvAACTtOrZm9O3Hdge9M0hKQC4H1kemLyA=","McBtxQIX89p5WvgRjCRnP0YV1YlXNFzKp+QLbT3bwok=","9szs0uOypGzEuRqBZ0o04/t5SA/awfHedBwaktWWGcU=","D/9bGr1edqctLtaKqRV2LGBuURlBXLON2MJw4pT+twk=","+8+rAmU6nJidflumROXmIocXJyD+nmWfYk6EjRjuodg=","XQZ1SQ25BeNaFk4u8t4IZ7Vy6BRot4codXPEjSIcNOc=","loiOuv9KxSw2HXAPOnY5aauNJHibzT/+K8DA/6ulx9Q=","u5bB4KkRzB7zm1fTyGOJ5J84XcEDjVWfQh3VtQS3Ufc=","2O2a1RM+usH+3lGaj+ouPvWEaOpUEI9hCQD1qrL9Swk=","XhwdXiCj/T9U4KnczUw6aVDesdmTWvFqzbtDqPc8Hfk=","go5KtOWw0QvUaPmWKHVVjMtpT3AQzcX1S7qAZJ/EAms=","26FfJUL3XcJ+wOEnNnc8haEVMn48L7DopioDCtHkjFk=","6bmXn/luHFFdWikteXguNy9dP5puY7XZuoOUGgeXMbc=","TWkYl53Pej0hrAeCm1buHvXwXOHSI9MGS1QLjvEr+Dw=","lDp6dXtb1UCd7kojiz2RfIv4L3rsBulAih2CE5w47/w=","0rXtp2sHjqy2DUsewqh3H9y2XQTmqWM7Hwib2HWNjOc=","0UrfVdNKorlBRfCbsLkVoeaHvzhokVusrVb6Vzkfv/c=","RrX0yhFSUtqv82E0/OUUIMBGqDq46sfSzY2zu8fZQ/A=","PtZq1yFAKtQlpU6iZ8w/UY6I6x3u87swsEfXX+DGz3c=","KzIE5y1MAioueujbQ7WbLKhaSr1JOBK0YMJYrXZ710g=","r8/NgwL2xEFaKR7Fa4qqdKXRQgtvYP97Syg73FAnhKY=","Xi/WfDrdZhfMPoHwiNGb2TTyD5d07twIZmP+/Wkd+pA=","cIM5iy/O3dnpWJSlxrrbpm61zdIfHK+FAc1eZUgef3A=","os2yi26uY6ymZjl8J7RnFWXd/piAREI/z0aUyYV/UKE=","UEz+HSn9dZpDIJSrqxEHp+71ONrnNi5kfeXZCxoZWxU=","Jy2yPV5bZ8D8yy/OigC/DSkIWiqiXHLlDTwZ7W3vpxo=","SsGurNAKXTrmZrv9y0smjKij+QUNtZmGg4gQJ1OYL6s=","rTIOrhRpietIS53pp5AcFZJodfj15FYsW8+xWF4kOXQ=","4ULELEkvkLiE1riYmfsTGY3rWTC/sA0szsex1clpZmA=","W3JAxyP/Tf/xW3J3GkcZVp8XBU+WYXW+CHekaL7SqxE=","HLFuSdW2SqB9ouf45O0gKgztVDtWEBz/ReF/ojiQixA=","8oRZJWEQt+Ij+PgXxVT7Yq/Aap1GDNyzpkeNFAj84xo=","tZyZfbqqLbbUCphUSHyGD1ZpkDQ25NmIJcyUUXZ9OE8=","QiqVGx2Z4Pkd/a4EqJUV2NPoGFlyzEcs/vAgcq78SYY=","jXKgESbxI+/KBnO4Zuo8BwYjjlWi9zm9hB/Prh13KJQ=","mp8msG37QqVqOP3EATqU7upO9EHS8WNJfHND73hRm8s=","CjJ9BlRvq4hmufnGiwFVWH/Mf5qvXwM8iYWoQhQM+nM=","QY77G+B0EWF9zDfGUCbUoIUfsvbfoAse/za8txpBut4=","rl2jTJ6D7HiOsX1FKiz4lhLHLB+0/d4/16hr7wUPERM=","UHGSpXskvH8oYyD7AquJ6Z19chiUu3TTzRq6S4zZYtE=","Nf0xbcCcKTvSTr+Kf1jjWh/dkkx67zZSjj1um7yTTwY=","mRGXKsFKfbaW3PsV0nsTVDr6EZk/Zcn4SP0JY720Z6w=","TLXJ+MK/58yPhEZkbHduEqH+AKwLltaLTvIWGGwCRA8=","/kLm8QJMUcLo7kHzBwLVil04MerIIU4kqyusUvbbc3o=","aOD2/OHyNjqrtOBUnjzJMtOmaB1wzEDDnqw0JirW3NI=","SDaKY4X0RXACNqaZNwxR2j3CEevywyk+jAUhCQbqIps=","Tp4zSQSocS2KxB9wzaCwAfyaMMCIRB+asexJZpgGIYc=","thvKtbVpEcv9OZovijzdoxQOPQVagYMJZg/hA6Z7nYI=","IY3Au1QqPS3+SMNWMtnEV6jKStcOombLwe4fNTDE8Uk=","rKsXM2vVW81/T8v9wlCgi15ofanXUBF/arwuJIz4JKY=","yHZ7s7WZoIhS0Q9A6UgVuAuOoIjpDMMsXryd4WdtuHU=","1/NGqfdOIrYt/NCiUiPpWEc+qQ/Kou0bFdtGD715hvM=","zgh6gykZhJvWjNx3/CrZzTqzROT8PaamAAnWY9I2NHI=","aakLRSDY1omaXlOm4ETTzSah0BRrnjt3VNZoJYG5tSg=","V5HhhnESpsH6g0nuZs3ePN8OimDtLhvlTmYyFwrzMzA=","pIm91BEQJQ1JKSJt2/bdCr+5VktbiRWeQ61HsM/1Kts=","4aVm2U/sXUwmKc0mkoIqnf1w0lUHI9RdU4sn8r9bg5M=","+hptRkMPP3wfHvDPubbE+meEyUvgJ1PGZM1fnmatKNg=","S+taVaJ2Kyf2bYsyKSQ3ia8hkKvKJECbKFKdDBaD3vM=","oiSy6dJ1BZvs0D6vQSrnHJ1Jzk4xnQe4xPXKiM2euKE=","fLGB8/AlO5oyhUFhnFePMA2NDxlTFvTDEp0JhrcMCYg=","ojEhDInQmhB5SLaWzBE5txgXShvdNEyqMv/VVIRdvTc=","uz67D9pzEc+pdxQBAcmUy0WZuE/RMYaVPsSQytH4wv4=","IPKJBgbROYqGRDRSYNSJ5/40fQSnTIG60oV+x2Ai7J0=","hi0pfn44TYGyiFgAT6E5WFgQE4H/35QxEs5ITtEBHMU=","pANXWPqcAp7ROUWXVPV33Bp+y7sifi8BbbzPNyEU8bM=","RfnJTdIY6/JXRsWdvt8rbeC3xQTRCQhDuYc3n+O67sc=","ylXKCBE8C9K+FU6i1InAjfql/YDPT4adD66BUt4xGAo=","WtfPHlGVOKSGw03edB+5l4bCjfUiAKrebfjOQj6ltQ0=","z6S3rPLTXyEUAe6Sk465raYcop9puFRPoyxPjNuXpAU=","T0LXGK0K80ov2E10XB+IoEgrYanV8xHestnZSwJnbFk=","DhHV/IIqLfxxFExJls77Ym5BHUxZfC7OPeinB6VBq9g=","6PDHywJHPp5chXcW9fSaf6L1RCMcUQK1oDQ/8dQdxZc=","xDn8mYNrphbynW4s5KXY6UTVxB0a5qDssmyiWEqGjac=","aHAlX1lFTA4d3Kp/q/jau2d5uckKz+sMLKdd5ShDVXY=","3m/Udi1GCIqgSYsq/umGJnINsxSbfXg25mS2oOV3pVw=","RJApRINF+OKtmRIob6WPoBRhU+n45J7PBrgQSQrd70o=","cWs3J8On54rRE0qdDMiVgX1If+6/Dic73fhsWWnmdVg=","xcmT/QZQPFLfRxi/Y++zD8tOgmtVnwD3qUELHEGoW3E=","kuLAI/fmKJwo/7Sm//mgYVD8hV3oNkVqljQbyB/quOA=","uDdvh7Ia990bldZeqfPvweBZGgvZLc8PjCFRIbGUias=","GQQ6elkplVBNxWMy0W4XV2Lab0DbFzogrTv4ZxxYVJ0=","n3k1feAFHKI03rqYx2qMvJwR45IoxSI/AnBsJawyieA=","lpMuzwOabLot4zojeo6LVAbwjJ8KSAFHOAf+Z63Nnxo=","4IMJNvuO0LmzmOB3z9o+2gv9Np9yiVW/cl6kJ/x+KSA=","bWrxdgIN3CmO+Tv9HMMfVdgIVsFAzZbcFGoh3Yjr5pU=","NVn+WLwBQFtLpE7PoU5wY/Alaiz0JYAGTFeU8lXDyIM=","yOhZUc2HB6d/1FKLSK9sMmi8VFBKYupEdGPOPNuQrpo=","QBqfifKGV4efOr9RouUCxC7khIjjPEsdCONVkkNxDOs=","qO4anQ42iGUXkI3yroWJjRpwnCfGqg6IR5v3j0n4MkY=","eTmgokIKMmx4dMjZhu+JLFB5k9uQICWtmXXzWEiHCzE=","U2sem606GBCNwbp5io91FRyHqT/oaeKUiTlJ5DODIXs=","0m3kIsFxH0xaKbg/mGNMykPF4P/1fNxd0PLNx4hjSBQ=","P9y5iJ/D6fgmRnbZyatRkcoRczjNxbXXb9vxjd2l5/M=","AF/2JQMyvzxpVZXREXYfBaCqigsi+5KfG0BgJSWv3QQ=","iHZizThNPsiG/91nyeb3R4aqXFgXE3RJCIB5cFvEbFg=","EHSgcCu62QJ0YBy9D/STowwG6+RypTozf81QpN/fbEE=","J1EwII4Kkx5/P3E3/lEzRI+7nOierDogihfR1fNSkhk=","KRfkahIObzeW9bM5KVKs623OuDGcjHPxWbP/I2dQjV4=","5jTdIYrVTr+viOgSXVIwLbW9CwDcJxPafSRQIfMyaec=","melpTaa4aboMvRu5Irje26W+a03RIqwRpW6mgP3TRYU=","mpJXhuIn8OWmgktPt6DwI+oRkX8f6XXL5RfiXAGvriM=","+UxlCelZWjF5XFdGKawKKFDYEHTRKdDrIFU6MBX9w8s=","6LTM5RwldNVBi7XDPU/9P8X1hMju3so4udfvanCqpdE=","0ac8Bxvf26SG2+JXZ6SQjWg0JLzvDcUa8bFX2V0Or7s=","7CwvVzJ3i4hbmMI62wvHZ5OyETANX60jLEdcZJyjUgE=","AyKH9f1+Dhh93fnYczIHm9N0yvbDwXyzviAg+tQ5WcM=","K7FSVOwR5UMxjcxa8a40pclaJHI+7SSl7+V7CloA8J4=","hGIMHYufVEpdzEn5xW2J3JY9wBBX81cimChwe9JnTBQ=","HRytcOOnXkO7hKViBgNJfkZlUV3c1q/kjwj0DmsB+nU=","weAzhECtyuocRHLkOKGrR2LWrMMBM6yVp8qAlsc1f2U=","1UE8731MRryWcBEMeQBsEf/O0jV/T+JXP1KN/pbegQY=","+AxLuk4X5Tjrz46GSQiHU42Zq1gFkqz7hq/k2SpydRA=","vzj9kZc/CfHCg6/X/7itz5IRPmh05Dm3E8phoVvD/iw=","xc2zXpxWq/pk88n6fl1zA3B4xeyPUp/04y7+Ntzo0Og=","+vElCfjVaDVEZ1EHdGrywTA9H9SNeJZBud4Z0fITd9s=","gx+h+ZbVDyi9dTA0AAbzJGHN6euWBq4Kd43UvaiHs2o=","WvKX4KMXqRq6qWRTYAAgGyX7HtYEBJ2wtTNvcZ8l39c=","a7rs2w9ytDK+ow55w/FDEERE0pX6kMIpMVPtDQyIa2c=","jCL9//E4eNTaFx4BBwmLVYKVIbddkbwubiVZA71lubE=","ydiYQU91YBmnFVcv9vIZ8hwEfk/h+pb322ypdYoJ2do=","JIs3T+l/gF7yErN9hBWlpBKeLokaPLPpyCHWKSOMI3M=","wpFnVp2fl414UpCzP2wb4KxxQxqwjWrGzSoG8XhCBso=","fnb5T3KukmKAuQ7+1Dzw6ZFWzHJWnq+3EK2emRMZHd8=","dQpA7IQ7BFBCJKOlKKQ4Y27O9SnmHDc5n5KISLyhwIY=","z8BvISTEfe91Ly/9a42j1FpDp3BCuQjqahI/ZbYyFWg=","kZbGFhaE8l3R/ap13qsS+XzuYTjt781s/FzotteTFq4=","VwEF28DkRLqLaypL8yoavq3L2i0k097UYXs9+69WQbk=","Ja887KbwgLfI/Laik9wWqpLGeBk3YMebLD4c31GNeAw=","Q7CTtmIxlnYmenQKhUe389+KIME+y4FzWu+rdsZWiAw=","5/MtJMnjZstj+3qoMb9Eeg6n6+vWU7U9eefCQO+ws40=","abOP28v+/L5nJbvQgwzRuO2KQyHlXy1cypHYfvBjRLU=","7UGd1XJnOmvY0N26RYnpvYfV8wyiOMu9YM+kR+NIqns=","jfIAtG7sP/XzqJGiVB3YLtYUOKSOzaVN8Dd6VrfHVBw=","YcqX67MF1SSV8SWFtMbbDgzQ5th3aKWu1QuXk9+RpEo=","ym81jz6H39IuREZEyF394vlvsjzyxrSUKFmKEmdRnYI=","+gmFSGKWiaVX8ladRwyJB8zS8xQfDCcbEKvLyUw/qIQ=","MVKKs4gPHQN2oWgEPmQ4Gb2EdthVxYomVh7y5QjFODo=","8pEAlXsbAvBaVhpRXNd9y4OWmSrJpzXMpaiyp8l4xgg=","YZyWyLhkmhL46D8CwnIw+VBTMUAOE45huczXpKArBq0=","ZKbbsjOMK2p3WT/UWQw0RwPrjCKeyD6tz81w7kKcjyk=","AVwHdIZSJ70i2SULiBwNQm+9kZUAlb/rAhjqLW0o01Y=","1OFx6UF91TUyIiHr4lJPRMm/ZsMYLkBV304PLQSHsa0=","OQ2ORIadNLQtjM36p5XKAoQAyXwGQLA75xxixpbBcT8=","+cN+FSuV1gFsw408xIsJQ6iVw9kEqCq3ukbgY/hhaVI=","uqFUg/JWeLUzeSYQe5w85xNm6O+tbQEkD6f3XrHB+94=","Sim/suMy5R3mMyU10nDj+ctgDBkvIgAjpyv2ZFhsnbk=","+NZ5DdTvxYMMLFFRZv5ejt5wCBmbkDxMb6lapFFLDH4=","VZr/pW7N9DacwLjGVImwd6fXTO1a5qwhbZMYngMl1Dc=","cmkXXpQyF8dmuHuhnPyGwSsV/x39rXwL6kTqAhrjBss=","/+nSlgI9yLd9hTvuc4a45XnXL01lb+jZlUJ18mj7hkE=","PiBMvz5Nf8Ii1BpQ+PjNVdy39ii1OoPWJ1b/MCOYZ50=","J4UBPwlq3qBa9PqOnsFrKSFqYZqzQTdQIw4cjYosuwU=","5DzEA1GAk+TilevJ7NPLHq85esCitymnrsI/C7ubAWg=","UgLkXkrFZNESKNro7TAvKKLxxumilRCCJn14AbhKK4g=","Z9VDma7eqxJp/R8iZ5HN8MiReNhAASDRmrX2mmDK3I0=","dCiejdOlxojpvt7+pMh2YC45ehy6oYi0kW9en7cBr7g=","a4hKLggfmCtU/axSIfPE5yVzKfbyV1Lfej//QiRURWo=","yos4kEhEVMuNondpDKsgd90IMc0P00yyelo61FN+88c=","lmqoP0bgBQ8IS9S+l6CZ4hzaBI5sHFpb99lp9cyopVk=","gsqClGbTUPubEh9rGHypcRhwlSVYYc5pO+uB+fOM8hc=","dnHaO4Hs3BNm1/RHg5hGToEGI/gYCYi5hOZoiOmvtak=","xQnCgiLYkE9AhMESgAxADLFSEpiczq//PJ4NLWyKq1I=","GGWlcu4lR2PAtLbHyFKvF3ZGjm6zi3r0642yBRHSCbg=","mfAH05j5l/ToRRFuIX4Ez8AcOYiR9+dN+W3avlmvxDk=","+ESv+54sXaRc18kHTZkSfYY+HpxSblKgMadfee1D97E=","L3FcCpgw5kfRbwNrT+EqFrk8IMW7AUwFrC6ZljycY8Y=","URa3zK9T5ZCKmTg2V/dSz3mMqJKdzy9p/ZysoOFiytQ=","FL4u1zQYNrnt925EDIOa67w+pnXugXWlIli6TBtzfKM=","DEVGJyxspAXu2nvYPNHQgbpiX0oPZkIvCLw+qE+SdUs=","pGkUkecMCeEmHp6JUJ0ZKMiZd0YzVD+m4Eip1ofnA70=","RWkj9BCUzMcclbT4eh94yOsrqVr1Hrrm122srK0X1M0=","YgjmhglEM4GyM+e6uku6VSuUex+EOB7kGOuEyEn0eGs=","4cPtU5OyI0qos3R/cy3+8Ha4+cxpqVkXNJltjac0Ohk=","N+0la6PuNF8CL0EluGp9kU658QM8lgK76Oe8Mb6t9HM=","6u72+x6cU6zyVr5KmMQxqeaA6h+owzCrLH479vxuplY=","TpYVKBEYyLgqXmwCcs4bJqfCZRn6GsTFahaVcLV7aF0=","VHMXaWoQ+vcpmXF+uQeQdoO90n0SRDQnHm2eKX/kr1I=","3tsHr4NbUcbccLxvTRzfEe62d+SMaEsbVZfP0+SbLVk=","mWRS21J7KL38jPraYbf9tt8o9ykIfFiXAs5oGE0rjJI=","xjZvXwBj9ZxTCMaHy97efwbquqVzmizo7JbSO3ZrwOo=","YBiLI+Jg8VbBY2hsHQ8Of+YpuC8wod1nr1oCHSGUaOk=","BqNOLGr3blczSZawOihmQpQ13rXU+/JM/rd8+szhM7I=","ivblZ3XB1YroS8r8QipOUWNiEQoeJn27gsZoq7St8PU=","yTTIFXcsOv/2Bz6XuYIbnRby1Cgjwm+nZ8TuyZWu+gw=","T/0xqTR4BDOoL3BSDJjewk7PCE+piuyZt3plpMjHaoE=","NLxd7i/vHXpNiRSjSAOytBAgON8kynUIhpM0zk/Gk3k=","iEDHWXnkZzqC4OeRYKl7mwTnrm2/gNkAIHbuQAdURRw=","h6MYGW0YuC6hl6htvk0Q+VjtxNWmLgmijjECfCxVoIo=","dHXZ5OpnQE8r6sDHlK+8sPekHB7du0yBT4MJhE5py54=","HzXyX8OTkJIeUDNXCVyezSbOC5XYbRvQcCSvw4ZVcBY=","wzoP7sInlaF5zn1rMpSt4/T8eASKz6vgQUUS7tPo9es=","pJs8PmDRED0spiRXWEZbpRGz3NWo7KFUbtzKWQrMrd4=","RjHligx/XOq2i89UQx+33lgl/NjHxnnvYKeH8ocSaMs=","w2Vlh6IyOt0BcuzYXUjk4820+cLrwmN2WYFhdGwDZtI=","hhPlyvmqfSGEvsdzgL7MQNLq6yO+sqTS7PGFra2KNV4=","R16ZMiqgIQxUQIQea4ksKTBJB3TOxgWNh13PVUF8XDg=","NKkswhyADAHYJjgnmi0VcPeWOqKtN/u4Z7Tkv5G8z50=","g94TmHULaNslQUCNp3kY9Cvd773xUx9cRs+Z4WhWIqQ=","DB/lYYLAa5ak5R5pMSJr6uk03oqykMl9liC+M8nSB5E=","I/4aaYXU/kf9EEL6ad+R6jdcEQ/C6QivKzSSZHzYTLw=","bDq2Kt6XIjS1fjU3V5TX6rKzOrTJokV8UIyGpKdCviE=","dQS9oVhmsZiMzWhvbMbls3e6iBCowjm3+D8aKO5yQcA=","IGYfSbp1d0g1JsS3GQsVeHHpQo4AFkMBFArtAQSc3xM=","7BJsg946NVC6AJbsxSAIldDbmCtRG4jN6JGCtVbnvmo=","cqEbJqV2k+ldLzCl7BaAAxGCrgzm4D/cmOvFw/q8Xdw=","u4r2zKrtPLRU5+lzWDSrqf7+ySlvGZQfUavt6W50s1g=","Nv4h23KL40Pcxs7eNoV1vJGNcX7WQflNBCUkYFYGggM=","YxUgTN9rG9hS5CuglphZ3M8+omQRnsiSLeSZdno4lKA=","3QnQLVdlT/LhOvvij4tX+uf4bL2ZjraGaXYIl+FW1OQ=","qzpe3G8Tj1tPgw0FJQaFCN7rIqfQJwSVvQtAzaS5F2A=","KL2rjx8qHEvJegZMWLFfqPGQsQ/14HSTpsNz/7DnAoU=","wlPKh2UcSsquNxUtysvNtP7ffH3trRbuc6PhPeJLxTo=","3zwnAtTWIKDvY9DOdvBcy1ZxZkbeCwgYfMgR6gE/8rc=","4E4hdSodqizw0Um4e8Gvkuy/voRsTJL9dYZGvIs2Yns=","VJ8wkA4MKuOwA3XygoMeMMt2EF68xhEL2X46/z6rHNo=","TYnw8k2S2tMFYI4QF+PJJesLGNrDq4OjK6+4+lpTER0=","P6SpYmPMkKOtsuEMWk224r3lCnYuxSC/nMdHpp+x3Fk=","Mxsi9KszPnxN5r42hjch7IdLIm5FdWVoK6YNXC5ykqc=","oar/4TDfWmPDQBugaNw62K8uMjyG6A3X0Zn+JVsZtzo=","JfGLhA6nTHq+y6wubYtMqZdPx6aI1TJvLd77X8IW0eY=","P2VTbfKqmA3RPhjatrllSDkM23330Elz60LhhMzjxcA=","+oPbxw3f3kctWwRxyIC5JTM65KkVzwwPake6JfJJ634=","HUPF6t81QkGxeAiuAthOVJbSandoBttcRG4CZA1HOwU=","tE4lkI2sqphl+FDsHPDDCXU5L72vbEWd/NRJ9b0g6Is=","PKFbkaxBD0zftWcYnFXfYS0gLoj+ZA70gCaBNvTXEww=","rFprZgT9hGXYaKQVElOmAADOBViBGUH+1FU54G1b2Jg=","Scwe5EgFB3fJXrLbdT4BjWaodc3BcEWK477MXt3rMLk=","y2OuuAHvw5CDZZFrDFCSZFfPJX6Lh+WY3OZheEdcNaM=","MQBfFCnc47Tx/0sbDeYRCweCBmFu0xCwtxgsIfHs8bI=","+SGw4BvDwvAGNgIo54wlPt67EBij3d0GyPoPC9N4A4k=","PZClP+RHVpgST94xz3/+fjG9XQbV3FgfLUhbrf7mPU8=","jCwvCrGF+7iU1oFXMAUcTxs9WgpbOAPHKFkmiLCkHIs=","YqnGQgPBHG4ZAnZmIDYEvxQpGOTZAfrKCerLnoSsGhY=","sRKk5Lkpkd2xPHmII2kMjUAPJx3SEdNer9rmZlQiQrg=","rEa+vicZBC/YBP5ydeuONycC/U3bjo2RwVvLhQ/AkPI=","wa9d186rnW6UGzCrFxeJGnA+IMBs8Z9trQgEBwnhq3w=","NYrNeb4wdW7kcHLpupgtUSHOzw9xzBKBiTQ28LV88+I=","h69cb0QKAvKcojcC0qRCya+MYtKc7vkIutQWd4Idl3s=","z2bfXcf5agrpcFEougNjLDoPQckfuz+ql7HKMLonjOk=","a3qxcGIj+XqIXzsT6Pb+3RJwdSTof0effAePYTFkxOY=","EIgSk0GCbU3fGTTZ6rc/d0XylUf2ed4W9ij7rxOQTEU=","fTNjL8j2ZvKyn3UyYGXIlNSYdrWeeDbVuWX18SmRgJY=","vu9lnGJVHY0GIAvHVj6+v7+uEU7kVrqnM92EEIu0QBI=","Y7rkQ7ioTMTY0skV8DJ8DgUMoNJPY0ZG4l5dDr3/1NM=","7NrBCc5vO5PQjZ/6rpVAC120sGznv+yPx3k9rUJ7U9c=","1csI09yeCY3x1Zuq3DcnFWfnAKCHFxqUiPehr5hXaoQ=","8v/PumvnmyLvCAv3W0QPg6yqkWjoRsw7gGK2C5W3O8s=","yARJU4PidQ8exLa17VfDeXGcMSDgh6aYS+yrR0NRdCY=","9fokXjKA46/tPvhIAntRcaaJWhwhKd2CMxty1f2fGnY=","cgRaS1mi3b0uF/AbiGo5GfiQr35mwUxW2cirtc/xwsY=","cB86gBFhutICjSb+lS7xGJVk71wNWcuPgZn68ZuL3fk=","lXy69WQbSP1H8bfmFhhi8J/3jWst+ks2IOEbwbBEw7o=","b7qhOq9blWb/OIXu4dspVvaPQb4QMwDiTFBoVWHzfT4=","x85lmank02Fpcg0K6PyHVaX9EQWgxoeHR6iLZJumINo=","QjMSb72CVIvsR6i3R+FzzPBqLyaSy4zb31B15OzeG4A=","OA70D7xRxdVVsQNDA3H7KtdQ09DCwMC5NtQrk/HmLyI=","uGiINQku4jy4RRwrYjQ1BCciZY/TP3ymdohCJZd68os=","uc9iw0MLHUUNwUh7V6exv9lrFq99FRvUItnXGncOVnI=","lFKnKqL9DQq56hBRQMtvxC5Uj+Vuj72QJdrJtj2iKq4=","+O8U5e2JXlI/EsRXfSkJN4QFks0jOlUV00HXdUACjjY=","pH4HCCxV3vUSjV4Stwc7NLKwxs5iqqdmFht4aAa2VLY=","BB/gE80YgN0LzVG+yZNhhNAUc9Kp05mgerky/DpIa7s=","Yal+HnYjNBErkqUt1vd7oFimEEjv9UT9JnwNkvJ3KMI=","RI8VBjndswk7RWaV0re9nozpXb/T5GCdQRtVzrJpCaA=","LPM6nhkwHcIaSbBr5MgQpLD3yUZo+e0BlUYxgVYxePY=","E6hcW9PYomtFDHQFGPOs/1ugVhFTdAOaq6QJtC1OXlo=","AoM7dpvuANHsLTq64YnKB3yGXQS/eYWHt4EteBm6+a0=","gSMiOgmg1XF5vyqSHoM8pCFd79YmfPvd59qN9kwAyww=","YiN8p2dSN3YIrdltMqNM+iyDBkInnH1UhLSiVta7Xx8=","LgSXHN/HkeqO7XZgu2fxsjCp1I1H3ejz0xTNOPbAups=","oJQclGRy6ZmiSRuybmhHFYL339tOOGF6QZAp+zWnYWo=","0BEP33KZka0q9HGDm3CU387DEnz081G7IWFEtNJVZas=","yI0EsDJQygTerfSezvWcmVRhz6DisFFTlLNBdvdlI/s=","GdTDP7osOgJ4Z4PD7p9ce9Z4s4dobTy5tEWFeHnwqDI=","zAuG9HfIGx/ap7Ovj97wiDdmsyb3jzIami6XyEPbX1o=","lhFrydc+gxpz8jQLHQnHMpatyqzGPkAibW0dEfDLYGo=","3bfxHxRZ9kBLkJ32rwbNmQ/1cc1BnKWtih2LWDgnK+M=","Qw8yFOSI/neXrJzn7NvqxnbQoUf5lTpljlHUWzA0qc4=","t8DcgaWwT3+qvwtaVajBApCzxmWaMPEcRAgEI7Zwtww=","FERKdW5j551KFOA3jSMGLyICHSZw0Mb4IrpIAM6ciRk=","p4oMi2qZTVPQe0Q9OcOcopDa6K2N0uvR28Y1E/Gj4Pg=","bz+9/Lx05HUINN/+xQVKRfSl+iOF4JkHH9p081I+dWQ=","ABq1nihZXyDbxx6NO0CqWv7XWrBst4O4+n65o7dUK5g=","CrKaFSopccZGJPc893gFR0dDaJYmHew7kHCNNb7Wk0M=","uhrwiqrsM+/mLDOzoJa0YIvO2zuk8cME/e1wbo2AVac=","gg9wDVlP5aXlRQvO0Rv1r5C8xT/TCRpUWX35OiQX+aM=","DoqaqFPvhhrMHADGNV9q7OjPLU0n+I/Hv3fmXJCs4jk=","rsRMjxVJOyd4lIt4k2E45M1cSMef9ZIQ7KygHATsLO8=","kEu5BOBrrLLhmmeG2+4Fykl0M7jl/doLFajBHsfZtKQ=","hh9O0ANaLUDvpsj1/AI5k/c4Y2qIyCha3JUPUcdJMqE=","qTIXB0O6KE/iY6dRjx4JDctiPg6a91ygjtdIeLdRpec=","qBZ3jwDvrd5KHB5Dp/QSi1DaFHFfdYPLS8NOuNT7/+8=","J+kJyytbZZWRkKseYttnOVsKgA5q1xE8MaoNHoeajeQ=","RoasHanKt++UNvCKMHMK7z/ViQpNu8rQaqH55MQFsI0=","q2PjKflxQtJylX0cxXz+q9lC5JvmIG6lH1CcFZIK7Zo=","2iiTyW6gD83hQ9F0TffBSdXGkk0+rtb0TZ4IHcbk9X0=","PBLYuqki6vKMbqIpIq82ZO3YxA6D6FYhOXjRtTB2t8Q=","OWXqLG5kxelIPAVd1rF98VCJD7PdiCtkdqEk+h/Nu4M=","HnS4FyXZciXUWwIUhEMOZsb8f6Zv3Vdy0w2ByZXSK+w=","THOg3+ahlOA5UYZP0G4ayn0R1k0hfrp/591jZhi2QPY=","fEufrEYH9qTcsF2jpk2elnyehhFSwrSd6O+vTDIt/k8=","G/nVGcBoips/u3E6MEmOgqN7Hn5e+PiWVWc14K12u1k=","UctP1QCQKWk8NbZvUQXJtrGfWMlzXCuIwy7Zlm1fgcI=","09KDUW0zXGGr45w58oO6tNPxQum1NObhYDCLeVzqLcY=","uscbog03UqB+yAdKnS9bmCL/mmixfPCJxHVybkY9RiA=","MwYcvu0qwStNA5pW6bBgRUO9n8ARgmVqF+/ft00ui7g=","sDrq35AECIVaPBOzvko4v10UfSylvr78X6dpJE0T4lg=","ERsLBjolGrx+4BFnbjOktb2mkTx0l51IdfaMC9vs06s=","dmaiTQNH9qzwIP0GbsY7UjKejzy9+xoanjDcKVE3ZtM=","eD2A90RPE9w+MGyFyHlK+qrgKZ19XLKMvipktIxcV40=","YtVpikziePcYCiv04pxlYYiDI0mdMfoCWvJftjiYX7U=","GohhB1VmRSRhUxIz2USwu72jno1JeXmqYbX1Aq9h5Aw=","U6y3WkJfy7lMN1WUQji4XL/2lsp8ASQL17WST0tneYc=","OpHDA7PM76tUZtgGcRvlAs4/nN4EZ/IRfMEU5B41B14=","P7cj9s085oqMq/GwZFuHVDbb1XBGKrulR7w4I6t3gXo=","Fya4RtBdFr6SvCD8zIpmWQ6U51WEUgTW4OKk7EIASuo=","kUyl6MfcPLQvAaQKM6tu4x3g60GlNx0NJmlT6C11hOo=","xLX2sCHBsDVzF9DETrzdGDRbxYmFny3rINYkC4q2VoI=","e/NCGLcIJP9NEE2LtOt55MuP7C/SuBWaxyGp30ZYe0s=","qqu16NYusJYVII7OlI/QXuhwUHGyKfBtYi66p32bXio=","LXCWXvTplpwAS56Qx/kOF9u7e14oK5cMTdVO4SFKelI=","DY98pistezUIM6SLGHFsFLajODjuct9v1qXxrPO2abw=","/c0ZwBdvjVj78+DJdlvNRi0ShYBGOlFq9RPYuJZGj6I=","lhIakue/XsgZFCI1xfram1ZtYvkelFtNMJer+zQt/RQ=","IeVu+9pj0VmegiqT9Hdq7peB11fvrQrgCWrCxcw0Ptg=","CR9ciucDvuQhmuSUsrJbqvCOCQre0kOi/4aR2dt3WYQ=","rzcp67sx3XN/YlRhfLqhEbvAsknbPkA2irCRt0y0Z3s=","jYo5DxFrxgFUUDe60jnr4e9MSaIYvtRqli/X4KyJngU=","Rq8gFOFaDB56TSpBC2Ga2vqUTy5actbWDGQ2VX0GoGo=","jHiU5gJxI8rX8kXCO3T0LJ8E92lqu2u4VQHsOFUfxOo=","fjfd7tLH5h0srvAEzUtvrrEkWYGoUxqnyjCgLttLgSA=","DjRj6LJjoFWfMwpLd7p6KXBou1uEmIKNkI8rfQ+47R0=","tJqjnId6kv7KIN4yCPaX4FOn14YjqzG8Z76dqM2dHDM=","vbR7grySllcD6CNoSza3FaVCxX/9tBC+kCzIvrC8f/s=","cwRLuw09g81ETw0S3rw1snnKrlMh1wCuiEBWrJsKgH8=","ctrCjMrcSvvE2kDfoJC7tQjP88Z8bhsoqtRi2iJJNNc=","H3mLsvqJmm5ByqorrgNsV7sTT7Fqct2yCTaZTptufGU=","/RPu/fcUtbwp+G6onVm6ZYksO4gVsbrVNDkIgAPs1Pk=","gHV5m092euLHNHmeNrY3SVPOrK3f1S+NywxhwXmGNQE=","4b5vkAa0NCqutwn5pOanM70S0E/+qpsLR/xg7DB+aHM=","13alFdDcd7/JYyUinUIU/ftbINlrgnm33DqMtlGhNeA=","Dv6DxVyleBi6Q/eTKmG8VDHKa0KpBeYSwSa/nfg3ObU=","GJWLHJsZL6zIUbccsD/iEa3SC1OYVNbRbsk51L1ZY3M=","MwJS5LthSiJseIlGClIZPLGWDRhw95J6AKQU/XhHLhk=","4vsYM9O06jyNFunkoUPHckd37cHw+17wfEylblML8G8=","tp/ZX84MOjJDXHrrfiZ66pKBsavSoDwgpcreuWNSPW4=","6kColfHrE+DIRsFsucsXhJCI24HTU738dFClL2IuiMc=","T6nw338NfSdMOICjDY/q47b9fXbxr2z6ej6eukWXwTY=","JlcH+AjonLSF/EMuT6AHg1VUgznu3MaHNbDXV67njoE=","b5qAUqCKJ80erEYdmv35FDpYRUMor5UNlHbkCltbEz0=","qvooTLjLsEIC99ztE4apBKBFORrz3TAsWuYOxvGgcOE=","L+HVP8IRkiKN2KCGQRDzh3hbC3VJths/LG+usHYqEiU=","e356P+GaiswYW7OeJ2HyZxdYlFx3KNPDeByP8TqfEvE=","nvd4LxtpAlFftbWgUJ9e3GLRO3ZqC4YMPSLmkmE5mmI=","MOD9SF2m6MZlT+qHWXr5cozHVFq+OQO7r3de4p2arTs=","l7V6dS2As7SZTqKt6aISN4bodKEvSlp8q+6imAoNsJs=","XIuvEJHJjy9G7RpKuTGLoJa6Z+LFvM2LdgNDJzxbYRI=","DrbqyukNRrp+eeqXBhyZ6Z+0StgLiVwTRSlPmB0MuJ4=","4qppc8wvySdPgYpM+9hOVwZjm+HtrgNq/lfUmyNKenE=","ihyECKRmUSto7lAFtXkYLjWuoy7Oox5jnbzX7LuMHzA=","IT/4kKLxCMi3uEOZXAP+Gj4HJvPop+TG2ick2PuLSZo="],"block_size":4096,"path":"static/js/main.80d58eb9.js.map"},{"block_hashes":["nph+QO5mhTdGVZ84ygzDECACFyG0w7qQ519Ppi/7Lyg="],"block_size":4096,"path":"static/media/ic-back.c684520682473161975e5dcb9a3dc1d3.svg"},{"block_hashes":["ZQO0Z3deY+UAZjxzNN38kRi3qV4nSXnawr0O7MbG4c8="],"block_size":4096,"path":"static/media/ic-check-success.1d3c4b8f5e69a1ca4cf740dc5c651471.svg"},{"block_hashes":["TWgktCuwZnF3KEDVFwAYI74ydxP3sv/0UTKMQ0av1EQ="],"block_size":4096,"path":"static/media/ic-check.f517f061d02c05204beb5f5c274a34a0.svg"},{"block_hashes":["nVWVFWhaQ58VYQLawiBW0/HHrMcQiu07T/Ek85MlLk0="],"block_size":4096,"path":"static/media/ic-email.4dc66597b5d0c2cb66801959b343e22d.svg"},{"block_hashes":["QN1LmDymXmcJIHnI6S6JsUtnLP3vfRfEgxBPsxhkuX0="],"block_size":4096,"path":"static/media/ic-link.c1078ce4ae046605bc77e4f5f0f33258.svg"},{"block_hashes":["3zSqovnBDN09eXzaL0Sa/vjakbxla5AORMVcKwULtkc="],"block_size":4096,"path":"static/media/ic-logout.68297ee6656cb720f362a1c1fe26a6f7.svg"},{"block_hashes":["/me/UM1TDUtny8kbbjfl3jtQXtlxZ+So0hQvIGsMpPk=","yaw+4yyoU9j/c3LOrdcuU/y0JMYR2NlnRwg6e+DgR40=","uQtCa7AFLwFuop3MOiDdC0CvHnLq9OVFzWeFgbrivsE=","OaVMCcG7iEhxEXFnGgh8yEvS70tHXngzKmfl0XoXI4s=","7znM5+hHZ66Ky0h4rqxk5mBcaXaByCVtfWvEB10k73A=","PKT70s0cRITAFAOIDGYiNqnNqxY69jLo0HSZwQfzDIo="],"block_size":4096,"path":"static/media/ic-nodepay-black-small.d83c8082a3526be33a5554c137b81dbf.svg"},{"block_hashes":["xlUaIFvOOsU4DEVn51Pmh0OFygv6EVqfeYW3dLYKQBE="],"block_size":4096,"path":"static/media/ic-reconnect.8672866b81b1d597b9dc4b943b7bf9bd.svg"},{"block_hashes":["RD6M2O8nfMd8Yn5b4zE7fKhME3vEL7eQwjZgKH1Gpvk=","p3NVWYvRWxVttW+KYvyqPPaGpnFv1SMgTaro2c5S7sU=","vaLOpvgq9e5R0/E3xfPiCuNs6kWgm9ZUfLcC4/ZMPlQ=","CJq/EkrienI4p2YcUd1WQHNqICC7iw+b1mgVSmlqQ2g=","vCNY9/GnDC2aJWkk8CCrFL8exTU7QkbVlBhhRLdwkuc=","fxcv8wtePPSIFYC78VSu33nGegd94ETezkMaddGGBKc=","VTyrJIM06GQ+MZecHwV7c3FINjRnkpNl3cMDaEnocb0=","UZJPmdMr/y7W4XcTKeKe64kn1OL6rdBeMi78K9Tc7xQ=","bS52/1alXY/zLn8Qk/LbB0aIAXlq6hacmpyhpkvPDU4=","orXwYVCzZVvm7m+eIeWa2ou4VA4TQquaNGsaam/vWL4=","03mtq3BzjSM5gFT9cAm5Mm7wSHj71TPUU6ze2fyHsCs=","UWJ9cvoGJR++apIHIRTEmQW3EGdbaOiCLAcgMWQl4KE=","iVfoKQ8aLpuYMMenbd1Y9aaiCbcpLuQfiAwN/IslPpQ=","KqEznfXYKg2Ot/yjrrfFLxrwJFMfrmIws5XUlqaroh8=","tw4dmz0kMRuithTz5v+q+o99JJONbPCzBUAvB8zGVVE=","BshuWajZs/8jErVKvcv9LV9sBatHyyodBGjOiE9CiO0=","A5xREW1U+byTx4dr4IN8w9e4mqf7J2/PX/oXmH1sM7g=","aObNox1340M1/9xENXCX1/OXkFoXf8kq+J3I6YxiJZI=","Y5SOmKwOezOIy/7JsvwtxXjbBriVrOlV43m/IZ9m8Hg=","5R+ivOtblW+cxV/22gXfP207dz9KkStTZXmKgeZeveQ=","qJOdrSOdGRan4MslLNLb6wPYXw/OcunfIudoHSM7+00=","Ze+nqUu1QWuzELVQhwuXmIBDWdZheLDhySyaKg2d6NU=","IloeF9Hh7JoERAQc15ZTQhmUrhMW3HOOzmJsV2A4BDU=","HBQJk5oOA0DInUgpOL8fiiWfp0u3OEPDuKaHVTGmBOo=","wqlVul+CFTFPKKEfEauKREQh7oG5jkLGohSoqT+1NfU=","MXPu8VEAazcCcDtoBsUO3YyqU2Gv4N9xVI64FcwFliI=","GqPiVrtUqZ5itLde23mgazeOAS8Ddvi2Q9Y222DbUhQ=","q6YSDbVstb7l18ONkS6e+g7d9DoYZXMJoE2YOOICu9g=","h1vxdHkOqEx2n9pHgoBFwjVBg2o+YOLdiuYTPBy8qOs=","TWwNbh15axmTvPA8yOLQ48uATpNktWIHFv+L5KDStZ0=","0MaqforuFEVjoKd0fmyrh55EOhh78McOTNe5WzldPYI=","U/fYgav+nJrIRdoLPyftoxMzabJ5+ffdrmn4C+4uBzo=","E4huBPyOUa1WU9+/wmMmtmBxK3mWErmZVyraW2QflY0=","lpcFL55kiuyYIX24SBBF8lfl+Jf8HrRAVsrVOsnb/q4=","ocn6qLx8xZ3ZHcODeK/eu+bY8XgMLCKBToGx7FEuTcE=","ch0s9mBHWrOeEUxPtAE7eB6ftRR5SswTPsYAM0uD2O0=","pxduVC3/6fvIXHj4cjqQYFyaAx6lFs8n7GwhviDgSEE=","PWbFXl7OM1PnAyJKamcRmW9aS2sn0TQq+5EdVUCMpow=","5Zl5v3bq+Rt2laKsZesvoKMWzZfYvVcPZFerUT6M8Pk=","7CsW6U5ZiCZ65g1PNq2y/VHNYtiT4VxYH8UCdcOOEso=","hGh4PtW9oQvT4KxpLeq7IdbbFQVvE/2hrm+AAjL+J90=","TcgM/+taFsJ9VnOSy6Z8OSSv7Wb20fB+bdiGXQ2Ipgk=","hcgyLwDyucpTseYx0lEyJGrE3WclRRW39jF25LdQaBg=","eKZempC60C3Vu5kDAubTMhC9odi9Dymq8JKaQixMl38=","vC+ubDdSjKAm3a5AQNV2gnMokkPHVCRFLOccMeTjPK8=","ouwEAVP1FJkuIey2dDbgx/DBRXrDFqu79vh427Zw6ck=","o8fYHRyT77T52bt41V8lWr80tv0k+OMNgr4s8EhNuVc=","EI4Vqddp0oYeSTxifiN+yyR8oxijg6cJ9J+26lCX+Y4=","L/Jcmxr+XdP6SAggAf9dLHVocXncPXFoGdokxNmvHXw=","7IphOKIrOYYeI/fmsNJh8cHnosb2fS3cx43RyeDKk/4=","nMzSSZK/Nu9fBy+iNqXzSNg4VibVXCVWB5zEy3g9BNI=","RbChkiC6GSLlygQ8mEqyJtw8aWsXE2p73Ssaqzbvh2M=","QbpDl82T+cSZXceJ1I1/bD9+yziloflNgiwL1thglUw=","cYj2q6yXpHqoS/0rj1f+UbbGhkNMv9e99s5sZGWHqtg=","o6lqqfuG5ftTAxs37/8HPy/mirizoUIIfHG2exLG4is=","E6jMS2KZ9nolENJ7UVOTQ6NRSkG4U34vAIKBwtGr6r0=","LHbzpLC4du1uZJykze/2TxkBtexa5lHcc+qoRBAsMw4=","+HEFKGO69xkLUhd7L0FJDUVWFZedw5Vu8rNXkZdipDk=","W8ngQDU1vG315o++R9uuE/fj44Ad3+iHnNXFEqO3wgY=","6k5MiVvnSCtsi21JUNWkVrSozws/iBzgWOrqfVwg6NA=","wkOMW/a3nHiMziXJK9wyNznHDazLgyOO2d/5ZMZQyCU=","Yxg02wA3mSpli7h3W9EuOJaGk/CICdtOPRCalkfYMhw=","6DCrknFIpuYdptXB/Zs7cAVD2Go8ZV2SfxIpRvWTg7k=","uvKxxD8dX/qbA6Ncn/F5AtV7CDCmyo+CkmIHeDTOfck=","HyO1J4Ebc/o0QvSqyEP6CEdCavS8bqxiZOVCFR7POlg=","hoBP6BUJqGuxLaj8HLDJ1vPRxQMksUJTh5H5v421fJY=","qN4yQiJGCrRbyNDJXI5CGIWOk3T+mw4dAa+8qDLQe4M=","XBUCW4PmM+aDljaqmDlVVwFuHGNIMtcsrIJzAMHHu5E=","wgllGofvB9Olo9co4RL2XffIK6b6EA6JfmVmAMOkiDg=","IAiBGBi8UDfnrIf34GMv+j9Tob/aBmEH+h4hfXgipXU=","f211ep+DDIueISl4UFMCgmul62wG5eAJVgGLQ9eZ984=","aoFJYiKHuXVNUrCJMY2Y3MY/x5hUIpaJKdxWMkCdgXs=","CeXJCP7DznruVLbrFczzgPVdWebEtcGl781gEWPmJZk=","wVlSamDwn9pNCEjrWa6Tm+5J4mH4/HOZJZXHLJVxbKo=","4MvZ0Wz04KpdoBU8lusesU2L3at4cTOKQy8azM2B9R0=","dar7+Ux0eqkMG1J7o1cdk5Z2OUkwDC9lG9I7PKRDGVM=","0pMM4isClMa/52faNuDVDley+86oebMmlx3EPmdyR/Y=","jBeqFtdEHQO5Lqe0yvZSE1rb47/jXeM7jKzUPzN8L+U=","KWM0CtscDMdvGuDU9+WERkVMc/URMc7FrVcWJy6brcI=","/MjmDgt7Y6jz3Xh/aomZo8pZ9GyKrkmTFffh9VCVotc=","wE9MtYhwPAHtxboguGwSSON3sBvbh0qtKM04d/KO+zQ=","WuZjsLW77rqGjxNWlI59iXA5gUU5I8UE/QjRr9G5ln4=","f7n1BhsnflylzuFd+JFsJSA+RkB+q3GEX1IPUdpLzUY=","ix/L75AejZxz9Z8nGf1/S9Qz+UCI8hrS90Z/AbaSH7o=","OAjz2dDyffrRr9yCD1kSu9wyqmpBt/ZLgVYphudnGcA=","CCIMe5oYxaKfY5np60akmvNM3Eq+6SI7Zgyd55qmXaU=","ZwEA2PXT2B0/OUCM+SaqdqN7eOrHr6VAN4zx1V/UXe0=","a9P4BI6s9ReXlMeSOJM30u6Wef4kIAmjYfRJvHHVSoo=","l4memkNiUNxHYBDzQWWdhcDFxuq7FYODxbXzabNKs30=","g7dWeQnCBWrBye6yhqkjJu5H9rwEw09ZNziF0Co6ttk=","xcSqYJ3dDAq7BQVO+HiHHBjndtpN1haPxHnfD1Jn/Pc=","Le6cP/aOiw52lYYoXYaEotKyOv9SqSBtHUHPhig5Lgg=","lOKTycR32bVlr52dsoqfW6Dmvol7nEHfaeleI1NlLZ8=","JzQI8IYt+id1y1vbRUbwxn3GTPvwHMxZOIxRoTI/qn8=","DSs4Wmvas/CYLnhG24anvIn9ejtoREwyppN0BrhYwPM=","s2D5KmW5/8panwwr/pSgUsOvkJmw2Zy9VnQE+QdxGTo=","K8JaDZx0aK8vowFnxTJ7okcwAEdR7JlU8REr13k6zvQ=","CSuG50p0Ckq1sZRXjY7QOq/6mbMuoyM0HfoLpX1OmoU=","pHI2IIektwZKbRl5XwMbA6alqUddGKJkYa+V4G2LWCA=","Us+qc9woLzJKG5BEIjz18nYKp/uPCDtSc9euV98fFXo=","6zfudXFeSGV+mq31CHtsXJH0c6niSuXGFiaSAIr8d3Y=","8HmyFmWZQFteCAOqqJHhBq8Tq6cnEME/lt/vRyzmQI4=","uRb90fw2EPTVDbE6atSCp55cwQAMft5dxXfjduTD4+k=","AQv8ZE8qNNZMo3UhjalwAr8KmkGQhuZaHAT7J2bnag0=","nsbDejhbdmwxnvs4KBv1fRx1CWEsh28RYBnnqRX+6p4=","qfjj66RfoCbo/bXM8jmvuP5ONKrDU7wYgSJb5epSfT0=","cBRsEmbm1xFVw0vf/87NQhUkI8U+3ssMQbdvgHukekU=","1YrTqo/3H1Tb8uI9/1yUMcWrLXNWgvNugxPcLZI4nno=","w18T0Mey9+UaNnXq9IhUItBwtOAzy6C0AreWlnXngiA=","KQmTu7RhlVwuGHRJXdp14oOqXFROwtkjO3vzKgsfaAw=","ebBHbHbs7DDBw+IPEb8+lywjbPzeeFRznfarX2Yrpt0=","k1u3PGxpNFvplpnTLrna9PwY7oozgMbfvb4cv447o6M=","UwhX9IJvELxjzvDcl2TWfuyikLXz9jQrPwz8gK7opsc=","mihFkVLeCIUm1uoGV3ZoP8HFWwy//SfAl+E4emYfx8s=","uQywRKkoDBA53rPSfXYMudc/3B+aImHOweN3pmcGRH0=","zOFO8IQfCZqK+5N1sPYH1QfH/wpm/YbgcKMlsVGTwAA=","RKHvdr1RQiUa3bymfaGWAIkkBGuoDz0GT5wwLIUiasQ=","iM1+fGt7AH8UnPll+vrWe6kF4nTzI0oaKXFZxphy6wQ=","56ik/PDq6qwze4t28ZA/vf4WryVO8l2DP3clAB8C9IU=","6tHglo5PJwP3jIzBmt/orfSKdXBOCOjpxwHg84B1qxQ=","z1dJ5g2o6LNVxWRFC1Pc+zr3YNZKfwGo+uuh/81/SNM=","4zo2dNyBBNjQJMO2c+2i11uUvsa8SvMAzFfjqIpMLJ4=","N/G2W4jqIjS0hAtXs50imWlUrTF438GwPdyDxuq8qSs=","oLveo2C5fSequ9PD9qcbWX3XRGvoz6o0+AcxEaJblOU=","vqHYrBkHCP+xY1V4EvoAXNiDaP/gdQMWyS4gxD7G4vA=","ELuAHPOwyjNUGgSWNlEau/sANMJIsZa7niJwLP5EQmU=","Qdu4sUwZiW/l9c5v0uIaOLHNFMaDeJ5spyMhKcLAIKE=","70/d47Zuj9qU2bRUAoYRPo6K2WwiT40wo0qBe4C3E2Y=","GGLbIkeLWEAH0HNxMuYNlRsNnKOvlETwm+ZjEmFXcIw=","/77ThyPV5M77KePnliAkJ9np+NFqrNg/b1DMKnpKmMA=","3iXZgYwlWlFraYKU8FBF/87nac6af0GoRUxrr2WeQdE=","nyIvreW9b2jIsB8SRGECqaCL5HatLiaf5yiadtUH/ao=","eyUimRvt0sD0EBQz3b1XawPt5cQC9pzNx1RGWyjfnq8=","j+ColzPDCcvZUrLHzJbgeyN968X4nQvJ0NBpVZXwTGI=","NgKSR0ITZqvV46ekHCui3FgQSNErKbMh8tc9vSmsF8g=","IiNh4VvhzI7U12Vwh/XFk7Sk3JDMLYx6r1fQlXFXuVg=","CHY6jrB0pZGYnl9mgogZyF9e1G/5vDuDnvRVmiTsV5I=","zy1BRvHn4i3JJLwryQ2EJFP4gvpCD7QHAiIluA8yFok=","FOpluvcsFi5hKPmZmxn8ueHyoBF1JrOtQnGSMozYbZw=","NvUUkq34xG1cRBmc8Puhle70e/mRJ9oWXEStyJQgymA=","rNuW0Mcx0CoAaHj/CyiznDNzIkEBY/pOvJu7KF9RWzk=","zGPJUpTYRsUX8cGQ9bpi2hXFW3p7QwaK0e6kkSPOHiU=","/aYh1U0pvarlGnItK7hALDC9U6dQPqlbSwbHCKXh1e4=","RUC6SO7xlVrmD9pftCsm2pFPs82U7tln3hAGcjbrOuo=","885NUfJi+DSAMbFoHE++RxKbR7Lp12pavmpE7aGsjZk=","aU0+cMsEmXXYtcB94HH2+JaC/a5uCHUpXYMQrULAolw=","1LJOHTzdNkP3GQVrs4IKckr71Hk5y6hiuxfwhQuDuN8=","0UqG7sYZ9pcxboMEp16iNHgM5loi6sKGRdt9Qd8J7iA=","oXdIhtvtna9SeUoFuOAliFv+NPqQJ5LP2exFhEsI1rU=","Vj47Ie2UAh3N2GFD7M41vTQlmp8G7DBhVbO0Dg6Kk6E=","6anCUJSwJMYK4MvAiZuCIV62EY7BXnVNTzYamfUFF1k=","d+6rJCLm0o0k7grL16yJr6WZpPEmLRbQ3p+N/SR8L34=","YPnq8u5JzrZE46HOcoKYKWy5WuR8kPjeuNi/34iCDF8=","Jr0qXWF/sPWYZLsfxn0+fxn5yRonqxA95jwsF+QAmAE=","pCbg7rWRgoqW2VRvOqwRSmbePmOIXHn8Qt8bTGmyYgw=","+wkMfsoWFsCdkrHOr6d3JRj1rh3SNZxGsnOTdLscrBE=","XHwpysn36yV2NxfB7iOTOdtOdgZ6QYMOnd0bpc2pQ7k=","dkhsBzHlZCi5VSUwRmqMLPOXZDEpwNvgOclka04LmvM=","eJlDLG1vFQdAGuhahPojscz99+Jb0bDLKK1UMCz75Bg=","BcrV0RB0o0t8hZju9vbYcf05u0HTzqlSOu4fc7lbLXU=","a5gBzM7prYqNHBdfVoJkjK1EHdoj72cvpEtOoMVZFUg=","m2ZCROnz89Jl/h0UFCAvINiSFf9yI2XQCf82SZ4yzYg=","u9zRxnu7ilW+gpG+zgJr433nnCw8BXpzSv38+zvXZXA=","SPqEvberVI+9H+Vog0maUXfIHAdOAwirRzERMEjpsng=","os0bvze4/oz10TDnlR9Xz2PC44hC0MrGvKoQUuBtssM=","MaQugcluoQRq9nLpTcWKJojOwTu2qX9zuMcR3i0jFy8=","XvNt8KmrkrJj0cPf6gn/TrzAfsGzAYS83msTGuZbTow=","/GjYUFD8Dl0mAmzFjgk5KAI+SuGeEAHkIQk44l/IVLQ=","PFoyWLRupfZMgZvYC+2mEitfkIPGqYSPeG5LG1ktsQ0=","7QtGAXep+XiNtQ3Wad9teckX/ljs551EJvWOPgFfn30=","tv5Lfj/u+NQA5WS1Oc/nwsuFumOzv9e0XnsIx/W0nb0=","R4owFrAhM+MtMRM+hN/wbAmccypEHq4dXO1xWmGw2MY=","cGjT1zemezET7UtDkPBV3jXVN8cCrGXnb/7gjzLcaVE=","kxd3TCVY+DHnzkKMaKffdvmr/Hh6KN6Nqw0+5mt7wqQ=","MGaBT7AHT9iE0TcYSDdRxV/OmaWWsK72CXlC+KDX8s0=","leC4kUKGH8Ff92JjbuiFOcs9YjD+pNfy4xQdyJF7usA=","LxOvBYfC3Lwr65XPaE+QMUlT5W6vVPZpGWQO786JmZU=","a2AGCkMD+5xDtD6yP6poGfOf3pIKiv7s31oG1r48IUM=","ojuQEh3nrb+O0KQKX0+IumqA6sUOQ+pSLa/G/MV02LA=","FMHXAiMPqevkiQ9aIJFHUjNK18q/Sxlonj/t6WHyvI0=","C1D8tlFP+N88n5gAjrYgje+wUgFY8HAInazqyQ8A1Kw=","FbnlgZENNupmExV2v10iQMUihCAVJcPSlHNucXkwm68=","HJtRAj5cM/6K5aCYFIKeipcKM4sDRJa867BA/Wbun/k=","15jRsW5m5r3l0u+Ej4d9OogTSGJ/UrKFX10127Pu0iA=","b+Il8enpOAqdUicnYuFNfZDjje5W20u63Nv0YrdwtDg=","RvFCs3XkoTxMYt8HANU4C2MHJXsjkFFhVkLREPUpi2k=","np6dizwygZvKY9uJsny5xpgZdSyJeN303kOXSo61dxM=","sECz3ak6d658QvyIJ/KwsOAcaqZMiMRaNCchH0VPKqw=","qPwr+eerFwl3HBZZPwf5cAIaVixDm54pwA18rx7+uKY=","P5GJXSMbn0qinTt/okShTNQl0VXKoCze11RZLzHQetQ=","BhB+QRZMC0Bs+fgYGYRKyTIoLB0+xOwPGZXHsEF39QU=","GjgH8rr4y8zwKaHQDTpb+YeSLFnTY9kLjHEL4vLsQPE=","lWyu0PE4pjncQ4pU8Bgd8UDFuLnDlcZq7u/Kp/nPaPU=","+2kS2c7+CMVUSjfoI52ZLZ0jq1lxF9Tn8fYy01DZmKA=","W3vGinS5U0zPTZEmNQn2X059jPEVWUHW98a+YhLIrAk=","V+8sBmu98mA9YU6y4l9AO2ARbykwS1FDZ9nTwOMtiJU=","745J7OQwuG8UR3G944zBhFCzpuxPyfuB/YsFXr75D7U=","RSnjfFsz9JBAGK68nkNqUt1bUZujuggy4Jm6QhPV2o0=","eKJM+ujlwC7Ia93/7PxH1xr0a8vszMKAsmM4T0CCdmE=","NlBFOO+cHKvBmnyjwuYrcgb7gGzhcxGfEXOHluiksNU=","zjpfq9kY9tL9wdf1QSpLwf0P0b4jXkzEv/HWVFvKoV0=","n5OJJ4Y0+00k1MtrVCBPO99lVnMd9JEtTs3sPH1x6Yc=","q2anaYnK1Auw7d0J3irh2GU/dJudXivegJdt6hSmcpI=","d6iEuT1KLNoag06k5+z56JNatUp/u9vwuiQWMp88KuU=","dbSwaQVrfOmH7/5+7ZuK02J9sI77lrvhrKy8cPYix54=","hig/2BMqFIn4GfRTAo3L9WhaP1fcQfEKdjlsYmo1jIQ=","deE8Fn8vP/yVI2fwxjPFr+ktWKo3u77iOqqhR5mhY5Q=","mlw1lZW2RlGRF3FdFtIEjibXia6YjhRcbVapgSHqvC8=","e5BWU45Fmgs0bGP6/Fo1hj2qqcCYpbc3u7SpQw3OrO4=","PmJgew/9L/MOp9quuVUpSL2Sup5Zf/YRv677v8osD6s=","v+TH25zPChk6NdPtUboSDstU2SQj0oIr5QP6QbDMLUQ=","AwIOhKool0bb7pkHfh0HIixwN+JHRhVk0A+MuRuVa4k=","soSof8OaQIsNYHT8IqNWXuDCGXfQ+0AJ5GqwqX8RqyE=","wFi3q6zGH/r+ktrCvtikKfOo4fuetpq2NYO7+cOGjvY=","FWNAikYpnSMO9x94vD99QjJ5vkhZ1t5KtNgo9+Paujk=","qBmNjNLeZ4DKGgf0GhFwNN+7oLlKvMh1M+2/OIQbO0E=","L3npz8Jr3oFyXr3mqBJxVSma+zna5nG7grrXug2sTqM=","76VyrwNzpEkx1V/zxTt2ILB2VnFTiX6Wi9nm0r2KoYU=","TOsMuXI6ObgiStIWqE6/NyPu5HXzoAHaaLuT5rMB1B8=","hdzwjbo5x5/6Cvmaorka0N3pmo7rgvf+jDWLLDXdyUI=","YV2cnwlTVyE5DnjcIE7ci2hE4WaIT7kokGeRpbny80g=","/XQzfPbjEsWn/AudLh/daIAwauXkkDSSsgbxLI+qItw=","vn7P+/guX1CtflJLJS9UpGC5ZJxSGbjGUAbQYkdbTtU=","l2q7L5yXqLaBKmJ5id3iILjFe7Rr9KHnI4oyvmu84Y8=","zphuU2oiQZQx8bo7AhqJ4+AM4/XF7GHAnXu6930QZRY=","06A+AbV+h2b6fAdIftoKO+It4Uvp8GJ36+PDYDiLJSE=","Z11V3VkURo2AX6ynFYWoOUOvkEud7INsudyT/DEuOs0=","9ZLUGayaaXioG4LO9uKS0uXTm1OkaxNkvNXuyU8oD0Q=","QRoyFgnsc4GRFJoQet+ey77JwwnFdx6z1cZTe6V3DWA=","VVFLLHpvdHs1Q/bcjAuYZEW+0S4Qrmq1kYLY6G95Hb8=","vTHwyPfgfSJLfKLyA7d+8qPdVvN494docQv3kJQmrYE=","/S0STudgOwXgnwls/5fUoacsfbEZfQF04RQXt3DUw8M=","mgNHJGyslW1HGO8OnJAEMJW+Rj2+2/a3g868FkYi8Z4=","f9/4a0OdjOwK+mxXN5Jui334rOWDW5F09KpqJPgXtgM=","5EzyoOoj38vQPivMM1dE03VwJUQ8x2CPkF7cN48EU2c=","NExpPLoMRyQZIZN3qPPYms73F8XfYMV6sp9QMX3DVg8=","dlOIgu9dUFFk3Md65Ikcr4HkehABGe5lVRUaOtKUzDY=","4V0ZeCNYipNLTNsyuV/o2YgYgFBR9ulv0DsMvM1l568=","B6WjZBQbqHp0TqqLa6x77uGY0qWpEGvTBIyHSk7yuhQ=","WozExhl+2HQsNP0oJm/a20gM/fWz8sdDSzVVEMWk2wY=","B4q+mhUY/3aCUDGigi5cbZPC/Hy5kxF2Vh1GRR7nf/w=","I0V4uwI4FTeMkxUsWlK6U0RSVNnXcp/yt4CpKEtVEws=","M0c0gHXy7ucAVIff2BAHlvW3WN1MJw4aWK6aK5Znm2g=","uXhm0h4cDI2SUDJ+J2hmphs93pUwyYDAV/mmiPFOxw8=","qvv4i7NHbn6z13fr1DcYmbBsrgtL1n/QoGGkRtbmxQQ=","2z88q0Jld+sLBWVzvyUZL6XtKhk4zRaGNB44+GF0dj0=","anhP+pmEtwEn6OjGFB5gzbBFcqeMPsYK0FO8Ax4FuHU=","PMWrzsAYB8cBAJVpTUT1BWjbK/cJwsFRXxftZNbj7/0=","1/YopR4XMjBShmwA1/hVcFtNPaUopUV6NrGMMx0YsQI=","4YhRmiLJWyTlvuNAnNwveLf3uBQq5Vr+DUr4OtmfK0Y=","VAdPzMU3lB3rXxgGkJJd2y6C1yPG0aeARjPg06I4UAY=","25+qsDTjyxKJtMpSbLUH7b46lUA6D3TvI+DiVe/2EXo=","xMQePDTQsP9fDY3mUiQP5EFbfwBt4WZ9IOV7C6VVhbM=","SIGDnSSavaE4PR+GRxvkeyygrWJv13YzSX0yng5+Okg=","UCzOAg8EHVMMnTbYC4+Vt6SGEv98a42B0BsPWyX+Zz8=","4d/P8eaZpc3XP9EL1nIPlFa0yPMsIiU0m3YouIhmvMg=","pJD9RF2l+wjdeSvMneepd8mHV0BBZjNJxrTAbTy8qAk=","yjYMqX3x9nn0Rk7uKq6cTeJDb+FrqTWTTQId3tIxu+E=","AekZUIuuTklToLINN0J45RXMwM4Ts/ie31ViPKl6T2g=","AqDBS5adx/mx4VJOLQxHnwwAeMAE1DJXVOUsCAxO3yc=","VyQtYVPQ80MVm53fWi6rbWGVTZEcbBNyIitIiFQ6KgI=","Cen3cvMaeFX3WxEfPbFHi4yF7bkyYb9kSTVhE44oH6c=","yC8b8kCCqOnYNjRE7vj3KEkmMJcPeH//5zpIyJVAnB0=","Zl+n35vamkIdDo/piGFGC3MIrxEsBXLkye843Ai2kSQ=","MiQUKVf+k+n4DftuAdd+k8taWanTafoPcEab8LLe418=","XOCY0JXltc8hykcRhi9x9SvuZfin0X4lfEz2T4l3Es4=","1WlKCizhcsiJMB3K+vBuG01dR1y+OZcGc+bT1Fyky4Y=","trDnGaSmAAR0PYarv48oHA/ksemDCa2x7l1IbcqUwfI=","jcDbNwKxPKVEovGqy3/qW+mfuje2YaMrCx1L0wE7qn8=","5Ijg/KRC6o4lXc1lKWULO+gIe9QP0a6mmBaZL8PW8nU=","ROfzEuyvUtctQMTMyo1HZZ0Ku02zU950a78YWGFYsXg=","9pjy7+CySOrjaIUTj0QpXY8DGHXKq3rK3+NBjzwW19o=","tVNyTrjW7eKOHxoRwX+HqN7YF5lGClKGMl9vLSzUZWY=","OLk1x29uX7LbiHsGB6WwLBJ/G2Q+zRv+FAcKN2i+ZFs=","tpTTeAbZ5s5PLxH32VDcKwkD9gWA5E8cDYxDKz0S/SE=","Ke75QObxAds2gnSpxdHVGQKQmnuMN1uJ/CIX7GyUhgQ=","ExO4/vfeSuS6fRtYJob2508DNGS5VQZsXrFCVJyq928=","cOIGCu+9mIQV1fl2hcrT7d1zBrUPCNAN+pbtQTA7Y4M=","yCmvTq/D3tgV0wJfq4DcWPmJw1mNuDqrgoIxl6p1TCM=","7NzaWqU02h5kcBjgpi77gfd5gkqrOzL+sXEBrUqXHb8=","R2AIM5C2RU0hE1JZLr/AR0zKcJgM4svpCZ/TzK7KeIY=","yOUKc9eKGCRs3euGimC1pSggcYnQhCCM6i8s7Ystn0A=","qhstItJT+o21cCMRNE11L2CZD74aczFCfMWz10eAI0w=","mV2RDPR3d2kGfJYn2L2T0I8zjbhUYBHhP/94ydIwH2k=","ZnAXQVKlrspyFXECNEahqcw0XPPBYEUSxSunvQxKoL8=","eUHr7zHQ8C5rSr0DAe/ClUtRclw3dX24sD/s2g9TpCg=","rqnIDYa9VqKntrY/rq0120iXX2Vqrzb3nLiHkpTvR9o=","WhKJnp4jghCp5XXBs17yyT7PJEjEjCkRymUiqSiGlVA="],"block_size":4096,"path":"static/media/img-avatar-mockup.b308c6af1fcb49bbf49479e0686f5cab.svg"},{"block_hashes":["bgxhXGRG7qrd6ZIzDG7l18SWh8wBd0oy/GegzfMqVL8=","Ub7ZGT02+TKZn0y8tRNjSOs39wWIm7YV35FrEcxiXt4=","YOyXq/IpfSHAIr9cxxXK4s2bNruAvZB2FzY0kCL4CE8=","AEqbeMEgFkox3ESEIZGCiRhveC+9IDJXHu/ZjY1mK6I=","HoNapqxoJwsdyLQD/RHt9aLFrwtbNx/3sYTS0PVtQg8=","zzj12bmBOhd/RocCeK8Wwt81KBpnttWXUOGuDafR8mk=","SiegC+rHsTJ50g3jA0l9a2m7ukUhxM3234EhVwg89qg=","EQfkRoLPZmgPahb2NyWrFAuTjphyxV4M6P+jYESeirU=","NSRVRVwKACgPC8/xCq6wMg5wb04SEHj1eVEoz5Q8fEY=","gJlujdRu5C3vnApXNhyn27BFFtAEu/VgMmy0+M3mjYE=","U/lk6hXk77w6JZhsf+oDYJm626AaTtV0M1ANHK1vxuU=","U4DKTR6ldcx+UuFfNImbm1l2/cZADz2os3DzPy2EnAA=","AxZtmMvie4kKl8e9ucMvxdkA8uHoLcxV02Gtv6d6w5s=","dr0CjVSP6Q8MxuxYh39v1CJPH7Mo7jppFbV2BxdhZWk=","/LJcqiQt1zK63AU7QEU5TbG9M+bmvR03WSxGk/LVW0c="],"block_size":4096,"path":"static/media/img-bg-active.c4f5979384ea807c9d4e.png"},{"block_hashes":["Z4lQPzKjkXkLG4kF2SyR/z83XTREaEKeN1hjAvPBlNg=","4vA2g2e2Ws+POAC6nwwsy78Duw18+gmHRK6r6f3TwME=","eFQdPDF6BPgvL18CbJc8vtCfXTtslm1f+yuSR7rDcKY=","mgw6Ppo6UdRnhOuyEX8SVdC5WoOEyyeUjtqL3h8UUbI=","MYA9VSou9L1hxQEFYNiN0MHJ37Kg49qowD/T6M5ovXo=","mIEkg4ttmcR3WPkparKIjvCzdEntCOygZ68Jg/lv9+I=","ZXtWyI/A77dle94/yeDLfh+P66VlLiJaRsffie/RiIw=","LCAurPE5NRS/6/LtEbIYxf9eMZfV/wBli7HEOdlyBB0=","aocOrY3pF2rAsq/U03n5WuFp0qX7nxjYUU9D81t0txA=","EycpnaoeRWhLEZRA/JYAXREWuUcdoXUscyIXyrNDVzc=","IUTSDvTgUeDgN7rHanrqX//qQpe+SmXWUKz7dk35XSQ=","f6lvYJDHiDeIivs6fuOxFw09TFnGkkSZVd3lricD7iE=","JA7qheTwAqgMQ50EXxKYdnMdrHMLOL7oV7OGG8LVufw=","L+g16A7/BxkPaGuoGIf/YJO+40uNf9ed3EOYFJGplqI=","YBD3G2l1uCjGLl9EWlh4iXYppQftdFanGmYQPOpdi6k=","Z8tKKLHhPSfei20yaD7e4lbMtvQQWZLBRgFKW4SWtrA=","JrNWsV8X2Aze4MeEChL2D4AqdCBdhzShEPqps2HM3mk=","bwFAOMTaFoSQhtTqAHNMnAL4bYttkUdsyhQAYpuaDVw=","QKLHzSj3HyxM7f4fLnYTDB6Ui/1B+dvH4yn2ikZrJ8E="],"block_size":4096,"path":"static/media/img-button-activate.596be77706adeceb8919.png"},{"block_hashes":["N5Jyo5AkRgbmddNijkWDmPQ/N/GdnlgWn/WryMNSq7M=","RZ/iTd3qXw/i1fPZS4UQr44GtX1hRnlnQwvNEIYl+is=","foNXd3a36A4VTDcTfhh13R5KYFejZUePp+RDw0bAxPk="],"block_size":4096,"path":"static/media/img-loading.1e29259ed59121a9b7b4.png"},{"block_hashes":["Azyj2WEsf67lZlN8vFaYj4H3jM3iwfN1BTqnBD9q9iY="],"block_size":4096,"path":"static/media/img-wifi.9ef1206f180784d1329c626df8bb6c95.svg"},{"block_hashes":["9sTMSnh3nl/wtdGjRfqeQmstcr0u91a77JZfuWV5YTA=","9Q7QDv1VooTJqo6rgWlcqi2AymH3BPJgcd6AOanUiB8=","lF7OKThl7iXM6Bhh9iIOLq/QMiqWRCoAwhOfMAX4K20=","4fzb1Y8Ktr21Ua1NymJhZorkXSTNkX/Bxywrgee/MNw="],"block_size":4096,"path":"static/media/logo-large.ed87f475a06b49fb7da1.png"},{"block_hashes":["fEKXLXbECt0bx07mbdU7ZEJDSHjQ766TtApFghUwq4s=","Xbq33Os+sUredaKRKdf3mn4UJ36ybTu9X5lILgz+46s=","wld6tCcJnko12Q/54KhY8RtVyjkD7MZoH6qH9CwPcZY=","eY2zur4OOYk8xe4cRE3aKZdc61EdLT64l55ft1G5z+M=","dUfKrO57hu3mjbDlv+Pt+JuwCgmoADSr7FFaSUDi6c0=","jV9A+q1XQoa5gJ9BWou8p7pQPY7/OyXZ0VbV6Y9UANE=","Cj6pWQUkO0HZjbgPKfPX0Lng/0Wbfy2XDsmXk0BXFt8="],"block_size":4096,"path":"static/media/logo.f773fae66381fd10ea06f1aae5ee7a87.svg"}],"version":2}