{"file_hashes":[{"block_hashes":["ZVoRB8HwtdTvxWidY1X4Rb+tOAbWxdHmTy1Qck8Hnp4="],"block_size":4096,"path":"asset-manifest.json"},{"block_hashes":["CFzF0Ju/A5DLJF284ds0+j6Z8+TDw0FwtlHKb7mmGxc="],"block_size":4096,"path":"content_scripts.js"},{"block_hashes":["+gTxOP7uewxpDIKqq1be4CPshi9ojxxRwBY4kcA8azA=","oXE7/nYkhzLm5odjCFJfO+PX3oLtWutHm1fbUiAYwf0=","w11zXyPFbCdErWxsG1mpCGNFpFYsmBpT319BuydpHuY=","KmQVHfoe/ogvKYuj/+UbcIrkY9ncK7+1Mzmlh86jXoo=","WVuc7aH138WC7DOqvhx82whw6vzV+a/0uL6h7E9EVpA=","9LTNhZabbtS6uziQS8MNhyXV3v4/X27EnaxKU8FihWg=","W8wtZv77Kjx8pZgih9aMFSDpSUBDXHYstfxWmOA/GpU=","UkIMJ0yEQtWbDhVAoiySDMxpjPc2pkf/p7gORBlsP34=","P9PGA2jNYO4AHnpmNcmqdyKydWLk473YqxZOsIjHDJs=","aCUt+JgjVkFqeLmwUExDtbhGq5KHK9IC+WcCRP2pTKA=","n/BzSaZYWxaALgkyFgBUz2tI3tT5SSCL15kwrOrtrYU=","RIQcvRy0tlqVQvKew/OcowCWxY+O8LVXssiPYWrMNAo=","lwdVgwlW4SHnJh5GeYJAeZTFbFRt9iKedQqXnAdX+Qw=","CXHQNspx8AnJGdPcH33vf4z5oCBLI8NlpX7EbOE3Prw=","MeMi7KtYPFVy4yFKxl3AhuJgH0N4jf8UAjW0gV8pwFE="],"block_size":4096,"path":"favicon.png"},{"block_hashes":["rF1+2P9mH2qN9f2SppUUkz7g2GdQqTy9uhm8YRBPTkc="],"block_size":4096,"path":"index.html"},{"block_hashes":["kNJLw79pisHhc3OVAimMzKcq3x9WT6sF9IS4xI0crdI="],"block_size":4096,"path":"robots.txt"},{"block_hashes":["SMM4izhPKU0bvFJyBKg5cspnPkO6taKdt5Ob5bvbB4w=","QibOdeJki3hBH30QygOym1R0wv71QjbuND51Q10DaPE="],"block_size":4096,"path":"service_worker.js"},{"block_hashes":["pkDiQ+Iw8S91Sb7Ds+BHhW5L3i8HdYOLU/LqLb/WozM=","KaQQ6PS/r44wAkHwSv/U98j32u71FdrWsxjkgvO9KeM=","NsyOTm6WeTDCBJ5n6BEQcP8AfveRmRJo9WLavRnIyi8=","UTc38g46Hng2zayhTCKMsqFyW68MThXU5WJuWDoryfE=","/DMTEkueb7J5vUfv1QZ2vz2QTFAjWqh3rdXW2NyqSyI=","iF/gixFRVgz6upEwGEDZ3Ak5tPc2isuZwsa4vvln0ic=","KSpd1mPGG2QLXazbogWuGgvMu/+wRfZtZCdGYcqUoEY=","zLl95/EquD1uRuoAoJjUG3SEklpdFoFQbbUrLNJuZdE="],"block_size":4096,"path":"static/css/main.9f7c8cd6.css"},{"block_hashes":["b+8RVl/ZjIQoUy8OEo5GhhTWQWKqkLnMovBmI6NellU=","q2bRWITOokBDlFNNm77r467BuwNFk/vV7oPzb5Hcjco=","T1TtVEnFzCDGcEAu2MC5dNcJ/LArZQd9uZzVos2ElL4=","imdEu+FPuRDVm/zJ2W/KOXc6ToHJqO1YtOrpAahfENw=","M4ag73yNLByv9UuoZmPQ8SNDDA7ifhyyeFfnJTEBRq4=","rL/YOBGb6it44FLRzez9n+imQ1PtmxcT/JX0JI2D1b8=","lR1rFJ5me4LF35ipxhIwnXJ5sHSoXNzGW6Id0cgy2MQ=","oyX8GTBgvU8IWWFWpI5OV3uDc9/jQgQGc1nakTsLStA=","4A8BZbUcFfnUXd2MkB4sYr6KmFTH0AH6H7Us+fHH5/A=","OWZ8mv3KMwr/34ysHHJpGtANOciFYayPST0AqRul6/s=","+B9mvk56fWhrLVNK7cbSFxBmYkBtvRIxopqwN+8mRQc=","PMx0jh5ouBr3b1SNKCbA6h1kWPwIWbW6Ao3juBWlLSc=","1k5X4qzmVZjont8AWpfLe/AmZmNXlPB2Y2+O8WD/pgE="],"block_size":4096,"path":"static/css/main.9f7c8cd6.css.map"},{"block_hashes":["eLgufbFDa8kLX8eF15pW8M6wRj8V3MntRR9tVggq42g=","0V7rCFL7k7bIEs4PiKwrV/9x+QnnBq7aW/SNoIhxb8c="],"block_size":4096,"path":"static/js/453.f9a53536.chunk.js"},{"block_hashes":["CrQnIyZ31iEvIhFMV2cuzkT9Xmy250/3rrN7VPYTFkA=","yvKF+JvKY9gknGpvR4/Jxq3tZ3PIDu/icVgfLIJg6k0=","AgeJfczDQI2nEC4CHbuyeBV/5peavg+cgEOyGaq7KvU="],"block_size":4096,"path":"static/js/453.f9a53536.chunk.js.map"},{"block_hashes":["ZvIz30T4sGTWtlR4ArmSm/E9jCvoRnabCiueg43VlUU=","jerJBWq4S5MbHwftsppZF34nCkOuUsg3Y+R0OI8p9L0=","0/t1HdN6jkDIiEFeYE51RMMxJ2IXMTSypDY4JgyeRxo=","gYsrY0kEL77JuFPTv2uU/mzzVK9hSNO9cHl/Nz5O3dE=","X8CNHDdVuo9xSR+tUXtm7LhUQLNh48cE+2GdbhKAAtI=","n9uLLW6PwgN7F4KApX8XzXHwD8qjjzDHysbkC8uvsZc=","Ub4EnZEjRdgRYiBtRVrbhJ29WBUwaDxmDWSkF/uwNgA=","NfcEFjrRZKlqr6FwM2vgFpSkZJN9wMgvKxCAOBx/U9c=","QI3kYDyp2/fgkxRO9VDn2irGfM5hJ7TisgK0gVzBbf8=","cqwn4g1ooD6t6IjPauHNHDWi23wBseT3SFyXUSRO2eI=","DZMmcNyJ4ttTRdw6Y9dXjD0IUM2zfJJ+sdfKBhF2rLU=","aYUzQzYv9rK0d7vMPfNqJ1IQBd4SeLs9etsGUyKNKOI=","ZUweq2E72F23Cw/2tfABbjatEkC+b9Ny5YG4/8kHMuk=","jWywGfYSNSQ82vFsyMV04k8MtfEKFLyw/AW6Nmxgwr8=","aSAvdT71p6ClroCrT01MmqH0ADmURAWLHrAAa7ZD0/c=","p4/RVGMOQwNmbNlaY6FhLJlcwxmQzlK6icydzZrD7NI=","znEpBgBIZTzzF/M7ImAe7YNOQxcCHl/phcaCgpooWJQ=","GFAwCGMopKbX6SLcp6pzLbgFL2sugJmBIfiJwtsLfAs=","aHcRnOKjm43NbD9XA0HDoz35fYH0j0NY8IJxF7Pzppc=","6zWGd4fM5D52a3ol/13EUvPJK0wpRoFealjBbBwjtWY=","H8WtdA6es007ezvv9x015fHZqefgUx/6FJ5VoFu/WJI=","I2UJqnKcepz9isjGXc5f9VNUNVOLMtAVxqyyipVrpFQ=","P0XBmCb9tBFk1bYbAwsUZ66Fhtxb7kdPtBDNxJvWCRs=","GLQXLsUoU0XS9HuP3z5hc6QzENVfYBg6LG2bpe4XBmM=","orjPnGgaR6NFwPkorfnUKEPKE9Ls+5nhjay0fiUBIi8=","RG8d3td4LkvSZPe7+K/H2DaP31CRCTun3vrBzGgbUF4=","7ikERJTRxwt5cc1IzEgYZU9Q0eI4pczpINyPKEc1ktE=","LrP4ps0LLipmOuD5fgP3d1C4hzIvb6Tye12GB4zy7ek=","LgI/Wyw4FCIJvCr0nGP7t+/u7146QR254TxY0r3orQ4=","tk4r3Wm5zs6XxBJm5ZLY0uoRnSGnG/iqmv9xulpwb3I=","/r1DWpSvo6emBb7riXGgRge74esUtpMQScmeoo+IevE=","hhpCEJzDyDeWvhm4WAueWVqL1iDZS9aRo+WZ4ndA+1c=","2iSyl+GCQPw0nW60aDbk8rv2P5Y9Gb/Jgj/9mAEo/as=","qtVoEnhxef08MRedkPGOAV71dGF7JyXZ5XMX3y4p7Fg=","pdaWSJHkWjtd4/nfhjsSsBetJ5Vgb6PLSSvHn+OKYc4=","vAodyFg7bJC+JattiCkdj7TOBdTiuCoZSHSkCmnGf3k=","d/YHiN/hy0U6PD8d7M9XimJZbLeU6AUROb9Js4Al774=","HdwuWTaPFyZBVRKHnEdHueti2rSfeYq6E8tfVrlDmZc=","pe58SCd4rcq71UjOLUA4MZIMcUX8gDEcgFiLoJy6V4c=","Zw1g1/YbdeUW+c2fidJX1r7llEtFbgJJLprM6urRx/c=","dVYHPVVvMtU38kuCM8UNw8fnYNq06tJQo8kWj1ck+RE=","cDL75rWBXbmCQfTq3wOm+dKHwK7IyenZeJBaD5FPib8=","IMakcfNGwrSDtjXFUyqOA0Vhft1KQK5DdczLAeFCZng=","h/SIn1nLeDmfikQO0XqI1tK1o/526p8N11Gw68KNNdo=","RC16b92smwmwSdp5fWdw41tfl9WoPVDdSpQoFpkEGn0=","UcuWV0Txuftv0RFNaBB1Q7rEQBZ9zs4R4d7GV+zfNOg=","D/BLgcze6nYqNJNaaiutAbDqxMe2fGaqTy4mmBijg2w=","3bBrvk2kiCW8+K5/cLsmgwbSX8x55tM+c+O5hMcKbF0=","cbdImNNiffBNYExQeDmF2xyD5kM5Oj9nUY700KFaxjs=","70HznQRxXWX/Q+OBgx/FH7XPeRRtg3l6yl5OkQalNXU=","WgD//Wm/dxIhEJlTx5zpWhZjDmvk8MtHp2xCcNXMy8Y=","vnkPNxTV+atZRJfjT+QH9OkZyib6UAznsOO2o+zPIxU=","9pIRnRCcd3JR05QOAXgyJlq10hSl0eVRi4r53UNZEG8=","ZxpgoliYhbs3FYE5/U0U96Xu2RRCRElVx1LW+XYhdt0=","l2AyANGZnsoLQtsdBOVOAqVbEbzYGwHSVwZfVGfRUOY=","IS6d3hD6jsYw9ToyyOlsqQx1WzlXrYJxetgTr+SaaP0=","xtj7LywjMAVUJShdbazyq5bgaZB+eY2hVPpDIwE6GEo=","SEtvnuHDFy0ideUFL+0WgeJ0PukYCaNgc76lCtFLyk0=","LdQ7oCmYG4uhIFFOZ3V3NUpI7PzbowlABmhgWBgLOVU=","7HdMzUFQbKnuf4Cy32fcZkWRDgdJHQBhLqe9snhqbkU=","DmKcU1sgwF2gqB7F95K5oeEbAURlp+Q9RA22z+CjjKI=","t+jRb5HJoTYc6f2O+Z32v3z28ag3KZ7qeuPH1mKYxdQ=","atSYF3V9gBr2AJxV3djgIl2rb8M1Snua5D9wy1lB/9I=","Hx4jXDz8iZqLjSDwhtAHm/CBoRVdZBh9O/9kpFQjbnQ=","+Cn0FQeNNkO87jOhKkGrtSVxyzvONf7ikG1HrKqMi18=","wftwPv2+YdHQV8Dj/DY5ZUTTpFr4j1gnGEplzTcf12s=","/two2MJ/7MbIE0tugEHCHoLQuZbo6emXULRljRDF/Ps=","RUViQk6JkmnlBMYJQWzV9hNoldi3z/cDK6dH+3D9GD8=","+dxmRpfpEMA00vtjaLj26/+/JZy4xw3A/D8eZz0VnEQ=","PdUERu/wXNSeuGzD+J/yY4rr63M7R23BZECzsN2MzC8=","QL8ooaC4Hf6t+I5bt9/ISqIF9oShTHd9K+vFpJ5FhIo=","bwy6C2jXaDWK/KcyrdHkh42G+C0jgmx84MpRCUyLunE=","y10O+nNrGi1i9xJSkgejol8z+580kvvGfh7+RN9CPzo="],"block_size":4096,"path":"static/js/main.2ef2d811.js"},{"block_hashes":["sqAHaGdLLSQxZeKGUsrbsFytEb+U3JNnPq7JAt26EOA="],"block_size":4096,"path":"static/js/main.2ef2d811.js.LICENSE.txt"},{"block_hashes":["kYs+TobgBv9ss01hgLOox661eaE2KKB6aXbgjvf5/BA=","3o8ce88SDrf3bqzxMaXiDMG2HpyiRlfkZLGBuyD1K9Y=","ayzCMhR1kcodQmhGkhP+K2nxs5fG8lcNzSqS37GISIM=","5yH3z8jEP7A97Czh+lQOu6pqC6qSXxIUverpldfUp+o=","fU3yylg6zzPEFRCJTJBjpR9GfShSx8Eh5VJREfvOego=","VqAXQ8zk4w3nqXZYi5+oYN2/h+MSxsqpvBC6RwVh2Ec=","3Kkf216vjGFv099Ry96e3gEpRe0OwJ4yUiyLS0wj2Cs=","fzE98kNZ7r9a3/E34IMi/LDMnXVqBOG+vTWCwh3a/y4=","i3+xX5CEq8F9snMY1Y36qUP62t9A44sQKIUo62IofQM=","iVbwKRYQOsBnN3uuEF6dWGaoYdnsbizqZUFmJiNy0Rk=","U0DCTOZTl6KmKobefj5YTH3nbvnUHHk0C5Vz/9BWndQ=","YXbqSnwvEtTB9eNGKS9KdbYVyi7uSIzQUqpgpMDDbi0=","a/8zE/86hxc2bZQXM5NiaCSiZSarRcAxKje+IR8BfvI=","DA5Cz2OThOHGiC+ecEVHFNR2JOx2Dn8NcqihnvT9hXo=","eT21sF+Sp8rvTsD9q7FMKqapAL9NGhoVjVOx2iXOK9s=","JkZudMp/n3UZtoHjozcxVHrdlcU5CF2CLE2NGim0Xug=","CtdpMD4wlHQEwHNCNkSRfgg9rnxHVJF/L7pAcNFOoDk=","v0buU/xKaXbTRR46sDv+Omlny7r/fwMo8DeqXEGhTJU=","GTFvfAlyWCTbdYNPdAKFCvyjE93bziRup3GdjS38iIE=","OOwBrIiarB1sSVwfsnLWeoTn+TkT3tr9i6w45yUmFjc=","6/PXqdeoXJ6fJdRaRHFNrWsjnRgYZmqSeIEBunJJ1OQ=","5pUou52l3Uk8FvLCZ0DdXg1bO1yb5cEUywPGCmwvtYs=","bKYvbyqE7gBIcLuFSCMrIU5ZFADFfuHiRZ9jwGiOJTw=","B3rm042qFMSPzsk9ey9NjIwP6/tiG9qZwV6ZM4bFDbE=","YUGW6h5/slwaQTi5p6JO9u9nKorghRa6EKgO6VdQupU=","f6+xH36xwYrPJSWEahhvI3F/Mnjgz89PTxkFuSqmuKI=","HwdkRIwdco6iIP0yGWQTRRN9CCC5GrvQTf7AsUD8Zcs=","W9D4vjaD4BM/WnVBJ4qwLxZatI7P+dAmwpMs4BZwxtI=","B9S1fTj0bVRZThIWp+5sH5CI+aaFfbpbFY0y2BqiWCU=","ZsUijKxs2oMNXuRyppD8YYhvmBDf3/DAQeLroNPiAws=","GI2GVjlAXfY5QgVUdXUyYaRviXy1cILPvXkApkyI3wA=","ablRu7WL+MD/67eJUww3v1tgPakmmQLpyYfdltcBvG4=","OKtc14pE2WGePqkEytTDiLhamEazWpxbpFNHJt1Ojsg=","TjU4xtHis0Kk4OisNHBUNNjGEoW8DkcBwmgwZGKI2SY=","uyOpYENLoirPYswIqjTM7DRfba6osmFbIE9Iwbo4w3c=","CY8T8WdpaNT+ovY5JNYL5rE5NkHyRNI0bV2/fiZAmI8=","iee+r2xeEW6ah6i8M4udxzKYXSQitDVvkYA69m20LSU=","u5p9y6Nwc+Yw0gwsEpaSoFnMK+qbarCwLphwrl07djg=","Q/C2cv1baP+AXiXXnCITWBf5nzqTlnAr1k1uHHe4RqU=","jHoWYL8Vs7L/J8ZvPCM5+CvKkdaV0chcBzjJuib4K0s=","CmJaWA1dONuzqnGnnqUqLZq/LfFggzeQ3dGGIU5wvaY=","z7XpTIloxlABxYHehY4dgTFiYUgFfuWRTDoyt0O0Z9Y=","ei9b3/uQCU4+xvsoZo2c6t6FuFvlEZapXX2MOBmIET0=","TctGoR+ebGbhEXOmmTayiJZ3NIB71Wb/UQixyyVQNcQ=","GgAK0S71R/iSNcPaLi+fL5cdnNYTYLnx64dPfBZGbho=","bTZwex6N3D06YZnuK6YJOEGSCRH5clT/yIa8XhtiSiw=","7SqHeM5ej06g6jH0+PJITAHgZ/3nNoQ3sGa81K/11q8=","7mrKMLAd4zv/aqscup7RF/FqERCI59CtI2RZGBvYwq8=","GMgZ26In4PYF2mm4r+v2rtVlEyCDHEe+GMXaA5B7Z84=","/vZtUmOtKcsh/iVbMjtRpbV0/02Ji1GHvFXahmOCtco=","0NeuxVMS0Na/7u3taCj8Mzq0c6GPRhm/iDuDl/Ad6W8=","SmR4fQGrohyG4XMYIUu5atvz80/SyXyhdnvaSLof6zs=","8kaVxtTs0+x693c9yxaRXJA8lhn3HQq1X2uGk9ojuzs=","aXOMIed7HfPUsiy9P8nBwk5iG602tim0lEpiaz8Hc1g=","NFa/n/xbNfdQvcX6Kg/pX6o4Q/oJOJwZprNkFioRfHI=","a9fUc31G36os8RHPFZXHPWAMatq/za1yFoWFSylcGjc=","fyd8aTe0RNO+DlBlgkm9/Csxbk2qU+tjzGSbyqDPlzc=","epdncH8pIpTEt1qVX26agctsVV+Q782p+NAmiotDK7g=","d6brVguJCKZKSGWEKEjfmsCIlUM4z3h//JIjmUYoxJ0=","IX1Z0V6NgkphaH1iITXD6kSOA5PM9cVXpEE+OxXtB4o=","kZeMHYqpQmHbHLuML2I9/DHCTMZiEjIEWnmF5dapeo0=","fWbHIp0GKtIUhJ1o0tE+0NgOthSir4p1kOv+5shwiI8=","qNN+Ro7Gu9Epa+As7SAhalKjby99v6SiwoMRxaxJUAk=","/QyyyB9PnwuOknOyGcsN8qjJHZR9Rfulf0pV96QsTno=","lUUh9J+3jykLLMNRxKRH3mvoUQzuQWVBLblkBxjZb+s=","W6W/5lIY8PqMPm9S5q2Lv1AAZSWP0FVdQhk6zl6l6CQ=","2wnV07klA5LClunjkT78mkJtKK3DGXC0JxLl8scU4yk=","eiszGZVAgltjFZfaykZyHdmYwZ0VAFLKhuZpESeZ6X0=","7+q4GZF0NvXGQsCdWNhuAviuBfAlayuKqZakE84F26k=","nhMiZ6lpQw/VSDi9ITYL85LqTruKqQsauUTd0e1nB9E=","qJEaqb249bDR7SGoeV1QZdS+LJ2Ehjkh3VZFMHsthI0=","iiZkfIue/xHeb0suduS/STHoCKXuciM++lK36Sk+a2g=","3++cuJOBvu6XzzlRzhPUe3H3OBZ5T/bbz2T/9BzaxEI=","8gHXUYBhHfIp7rMrS9xuS2TjORO2kcXpVO/dfhxBfIc=","/MItizeqE/CnMVgiVagquBIhJMn0Z/DfiCuFMKJiOJY=","FZPdUIs7ZJxI3UejSc0M6OgGXoL1e4Gy077LLnhvdFw=","crVZRtV7FpFw8zZKXO+qgVjPEc4Uxm68wIDHqQrGLWU=","2HlBvteUyOQwsLNpCDK66cdEJiXp3a6cwqUnd7vwj+A=","Ysl3gU1MNHKl4YG1QrLZ5qloYXuQkmD3otJdUS3voB4=","t1USCPqo96OXebcofkvIQw0TZy35zzaKVrblfc46NvA=","QdguMwU9teK6w2mIlbNAqoYsmsQAG8mW9/T5T7BrLjA=","73J7BCpL6L1Q3VWb/8s/4XZQ5QbmdUrZMIqinIyit5k=","iIQGw3Z8XVWfXLtv3jrN4NVzzXdLkzOzXbo3B5LrhUU=","LDhrSXq+ogHDKeoBzk0cs2kmEGpmXfvb0FYhXb7XHtA=","8kYlKw11aUp+CjVhNrmIC9iHgCT8Cb4gHUfiDnGBBRk=","AFcApWCKKS/KDlGv5SJsRwUEpfXC+5Q8Yii/sLt8vEU=","Iae7ErFQvBDVV5OqWxQRKPE9KTOAM/MICrrgBJVrBM0=","Y516wqcpmWqGgBB2G2UqAvv4Gt8PqrcLaSpeDvnYnug=","8g3WAoiVR6RpZSGQqjGlrDQsaO4UbWv/WTUdgaroGlk=","higEy52AhbTrMa+Pnm6U4kbhhC90UOf/WoCpCRjHMEA=","bnnw2w9tM3qr+BskBN+ihk88s69N1fXMmyVLLECvjYE=","S+Z3LsDIwUEYcN5P5dG1bXUAEpohdgZdOkvB27wuS6U=","BA85D/cEdzC+y2ONxNUK4ZphMz7SY1quUGJ4KaxhZ+s=","HDLePVBDFG/+uVMeLT8KPE2pJ2hxaBTiTUoc5qC03Y8=","n4P8JzgcDvOQHNxGH7EbEqaKvyP2NHz6xfY744VjzLw=","E0FRfZ8pdJ39wy01bT7IK9IVF2/7lA8WXnAxKNLGuUc=","agU2jxIF4Rj5+cwwwlYbrLCzd2ivXlI+1JXXiPEgcn4=","Ra3ClKAvGNknVaRW52Z9V3q2Wp1sFASi2dJdR0/FDow=","Pz5GKniu04SwtJ2nF/tcv1tlV5RJOM+KktFA582nab0=","T5mq33Q1Y1Td4zU0WG+qn1CKBAP8Xzv3hCFjZigtQxM=","jkbsFurk5aTrQ62pt4Zm/D+25TUBBmNBn54TqSIglqE=","KPe/72NtEtKf8nbzfMKQ6pOgWeOTloh19q5GGZL82Zk=","Ko43hhh6+rawTCmaPuJWx6VSj6+ZjqK+rfELSCfWK7k=","/wx3yxJbugiU/QGhyqFYP1/e1geNPEmZx75ZUpOo8vc=","o9Zqv5VB4WU5esKDR0sx7ZXrspJ4Ws0pKkOf8rCzBds=","Yl3NPZ7B+ID5ebv1Gyoxxs99LtPjfup3gknQgxQMZ+w=","9aoNYvJTymWX5TdKITqLfAtPYwcTac71z2RrS/+c08Y=","eUJju8La/43af/ShxNjNtQoaXGbVW5r94lRbJlQSpXA=","U20PNJVuZwR2tUVWYBGPKTxltxfYowLuPugUeCjyR4k=","AygUUM7/Bhg00ioqnSCGOfIyVE4Y7+vXCT7K2Ahvvf4=","ESYJZA9tcAPB45W0NIAwOfjCfCUeOrRcOQTRd/Thdbo=","A8VPoCi98HXYNHMorRNFuSKGPhyCEM3t296dWOrw0Bk=","DuEak2TRUzueiN1znTHKkcVbbSJ7OmxLdJImEnpgX7c=","9AnqRidemQept0xcMleoZDGGWZpsGeNSut0OTV9VSow=","yv1vh26mL1Qzv7jiVp9Wt3kh/C/FgCRsma1dX21xvD4=","OtxubfnuCJBV37mpf9zY12IYQQVXJU6917DgFmOoBA0=","12rOvDLAICtqRQLOnjkEANudeN+iq45xlyba1KN0euE=","/Dipj693/0jGKa6h3twdY/b2f6rVScN+IyhpY9RrraI=","jotP2PjHeky2KAs15jAHuNhZQX6r6bi4ZwHezA8kI2E=","w65xcsDfI79hSPecpCwOcBIKKc1VFC3+WVTQBBmvmFQ=","VwmNu7EQhWsETXInbd7riRO8LrnN3ZJg82EbCcKe+dw=","AnnrVPEQwDsBIFrqeBJ/DBNeq7D9XQo2zCVEiR6Cghg=","aeJDrtyJRaHo5k+E2+JvsglsjtIxRpx95hRTKVSk1As=","Lkt8359FkGdByOgvUOSh4qTaXQbyrXMxqAotSTGGjcw=","HnaoiKyCcsD4f19kAUYkEASrHuQOznCtl45CDPOBPA8=","4Sm7Yaw2fVB6D7pAjEb7fZS5CVv1a83wGgHHUidvYW8=","QsBoh0lLgdzqDzlcC0bEFS/tocRm30hJlYFTPHEYeLc=","D2FQGP8S++5AcH4UGr6aImFC5TG3HC+A3VcQgyelnI4=","/gczPdrv7iKdZJVrjLIJVBrWIwb1I7U/0Y17Fv6jB9k=","mbHJ23HwGphtF6U6JVE662HqtCzZ0Sf8PtyszoFbIe8=","WI4+h/GXmId39sGBD2j/RuDoTQvkOdPNF660Ql0CkiM=","wMhQ5xO+jh5q3dfct8SozRTcyCPHZIa2zqywpOvmHNg=","0YhBOrJBd0RHXGzotUsnuKy+RN+v4A5PDXLRngtHuC8=","acnOQ/BTrem0WeGF2kf+fOM26JwiS2iihLYlWB5/PHI=","B6nzxtu3PEnGHZVty+NltiWhtCwwah4pzfTuB1hN91k=","w49olRIznt4inUwkjOYxvSK1DqCf1gw1hNhzKIiwoWk=","ZLz1wH4vn3+RFIlmhA/ATjU0wLWPRvS3JRHFKlro98o=","4/rFk9hRwOjqUsPDQLqH1dGxuDZ2PIehoDtfsU0mo6o=","cF7EmvNRrSLXD87wYuXQpb26jiqe6ExHr93BFqXqJfI=","pMlaTvXnyJcZ7L7pBPwP3YFti+8ry6WygAUxeQM/EJE=","dMoiAXe4WvbSJn2IFuSgjaoG9EcPoqPawS1fiBEDw14=","JkXiKK1ne5N6AxduGTE7LwUVZuFmcZO4iLtc9nQLPeM=","HCcO7XxoFoWsLQfCO9AjcpCdsayn7ETeOXjKYOFYE1E=","9jjNQ9ikaB8qUyetVEvuWmM0962BWVZomij3pvG+e2Y=","RBCvu/Rn+wa0Bgf7TFkcTQrs9VEZGWv/fjiXc5mdFTI=","r9+cQ0Hg0lnIM9KoYdk7YBQrCeYYoa+f5NjI6iNCbEE=","k+JmEB25mk/bWFYdGXGGuQnqv2A0LHzUezpfvZHGyHQ=","Z16ppeQfELbELuo370aYzLJEv0P3SvND42dVHc99Vxo=","nC77H+jGMgbSRoHtcYBlYjc5sZhuzuQa7gr6Auzf6hI=","FnhwgMbYxQ+7vkPneyjej+wumBB54hnl85eEX0r3s0k=","A7rXL7eexjYWVqauZ868zkW9jFBHaV23OLAihaRXZn4=","l5s8ak3bIouHHA3zAlFnNUexZgDCdeIoE81fDipia3Y=","5UkndWDuZOxM59AwqNgYtNs9yw6MEXHp4cOCd52XLps=","J+z4iadK/0AO3YY/GDkhdRvtlgrPvl+/SRbAEbm14MI=","f7MOVunLIMCheg9Yd+fZKH1MRNtch34Dl3ZYjIZdPVI=","DuxuVEXdWwm9a+f9LMLzLFAuwe3J0v3aBXcW0meNzDQ=","sAevSn0L6+BtT/4EOSVlo3lZXkBr6kk2LNnax2NEr+A=","fbiP3BjcISuucVm6Re7ET4atCHKxZhYuZEDy7cYoivc=","7iZcQso+u84nhyXpXZVvwCi2l73TXMm/X9eMJ7eb8fQ=","TkqC1OB5H8mubGQUtegZ8IhcHUykqjphJoo7zHclzT4=","rfWbwYStJ2YttEb5zYZY9lUj0MWj1OVqzkrnfJqYU/E=","M5LxVEwCiTrVlgCxeMf6NAo+UoLqN1NnhkYLtORleWA=","le90IHS4ronc5B7p+jCoAwcKLvtNSWXtFB884ROzzJg=","p0SuOQSBI9pgue63COxovFe4e739sBvY2SG/mc68ffA=","Y4c9py+jUpQknvIh/m43fZZ+n7N+I2jVaWy8PXij5lQ=","D8dRVYJskQjbWs0dnRwnZ/MCkRLtr9A00I/GV2/uJZM=","O1ohYddnz0lYaSXMU1vhZtgdSg5BsNubczeirMvrfWo=","RmzGNA+F25W19HBWgei5oaZrDw7+irZNxZicQpWBnpw=","qefAMbAMHXx/CnXDiQAlXAkTR1x9nVFGgPSIzPOmjQ4=","2Fulzl2K5uJZLZYrHhQSVoaHxYeVYvISUXYTKpO/mc4=","X29c+t7Nfw7ZPCmZDmkFRmCKdAsnO9XinTgxSg1Sl5Q=","EqAr8EmFdS/4d/J6GZqa0DfDSjmgoJRq+MWe+QAZtuE=","PwiJ0Xvlurmf7TweN8xsx4NKmSmuGDVHdjIfkqT3CG0=","puk5cP6zHXQS1RpfngWJJgE6fK+zAx2VppEFJ7pWt9k=","NgDDQMw5dL88LLur4IKNwkI+b+xs9V7tuQos1MqUAlY=","kE3v8H7v4z2dwBfhZWOWKPgtT0trp293122K5SBBnsM=","ZGWXvHVdzkHf1nuSMpcU0JiWFM2qnjC01I+mQlTINk0=","JUFxX0FJ6KKSqjc3MDv6VGiRUCTo3g8dXP/kVMgcRtk=","r5teTIOR6b64B1koNbVOhqHGH9fqQCmekz213uiuZq0=","TeCt3FhxcBZF9ISbkka3HBrqDkXPEnBxHc4+iUOo5OY=","aigpTYMpLy9hsrxinKvluOBzuivQy5PJn+Q1LOUE1tw=","d0s19phPg5JTw2c1cZZ5EZPlWRApHfM2Bt7mQ36GiLo=","qWbVt2xKlo7tammIyfALdcPZpgjCSdbss0lKKKBnGrw=","bCGKVrFQPv2uXOnkyUairTz2PD5/xEg7k3nurU0OH/Q=","sx2BFDtet3OnvEXEsh1c9RB38Sy5CoJq22Xmy4QN+SE=","4SFaJtBHpLMY/83jwsYm9tB2zv1s83IEp3CriI+01FE=","ltiwqJ4syh4FbM8xa28KnXYUL5hXCvvKGWPN6S0fHUY=","EdHC8N8uDxdhdF/+ROry5dYwbxGfJ84r0rX/h6kyh0M=","C1sAi+Er0F0rFEl1zbD4oDIrCE5PiSm4+2lic2jnteY=","qRpuKb2lDO7NPBjWG383q2SLzfsScsUfNdEFAB8PaNw=","z8KMcLdXG3At8fLchW8hBsJrjrtuvU8HpcVd5fMoZUc=","xJUT455HM38nemmW7eW7GvTLUhOWfVfpaLvzVzqpmfo=","vYr0jix40y3ohqxzu2+yCN49rmkr6Ud8546ZHSrzSz0=","JVDDtx3CcDialfozVzaFv20K1N9xByo5Jfb1MjNUk+s=","A9rLKdN6jFMxvavJeqaxYY3MgfLfQWlnTqnt6LKD8fA=","5js9SwBdTEZ/To52ExkEoUIwWuYVAMHxz1s1pJ90EdQ=","Sttl99zlTf8hVOL3s9p2xdb6cR/2rPiOPzwZAku0bUo=","dM/qaraAcC7ErgHWtiy0RuXps9qS3gS0pJqqt0VPnoo=","H+Mxsy93CgDtHeHegj3DKFTcIK154BF6qWznaOMrNZ0=","hpiTNCkISgaIHl4MzHneo1LbbQBvV7JaAhngE5oSjJc=","Iajw0Zm+pSu8Hwzk07Dr4+esxLYVfeOnrVcqiGtdC64=","8YDatxk0CJybp4QFQVNl0c5wtCq0HhGUJXSwEHqwxUY=","9BxcZ/WdXQJ9dol22W77YTIMxlDf5ZrorKPNxUw0KJc=","myvP5+M3eoVJHD0wWMze8U/ENvFCUjSBynUi19aqcnU=","0K4K/qMrhVIM8ik/4YJb6+Y3yBJnZVQXiWmXTf6XmP4=","4n1iCPGOuO5q8azYcXT1VdJsR1aSUQ8d5R4qqjNG4Qw=","/B5A6sTG79mt3C0rWVnP5aB+LMFhyWr1sTIxzKKJcvA=","7ltUVsEIJhJMwgnIR7LC8Y60UmCrXhQxOGS1ZEz5SDQ=","nnRAuPm6zVFCnn1UliiRXQ7bUjuwwbeeTbgPoVKyLMI=","HP0UQCmVCoZzNVC/v0Nc1CU2Wdtls65Z252RgEtwT+Y=","+y4KrQmaMpIz6c/9m34k6Oxnuoe3M3mnEYLhDAniAy4=","vLfpprMjSKLzhIaw0b1TA6D5O/b5uatUFjK0l3esyP0=","kUiasOHL1RKlvNpTg3wCLdjvESkaVlLlX0oAf987xRQ=","nzDuiRM17YYUEFuew8SHuJoEUZ4jLrA8NTnM7dnMuRM=","Q3JY1x4yyg5rLPadYtV4SCWkZbsMp/3j1KrK7DkjrdM=","bKjFiXbgDqtjfzHvJcdAn6ELd+I2ouDEJDpENK58VYQ=","/MNNfukt2O/zmasOE41OZh5q3gLxmRa3DT1Rin/oMeM=","7lwVLbmuERnkVVdSSoLlfJTbhSQ71X66sT6UifI0Eb0=","bWMRKzZuLIGVVVDWQdAmc6PN1fg5tSLsS6XkozANtCs=","EBHUP9GegdbVmQN4oKaadmzt3QKge296ndumAM6njxM=","Juof95Br7zjXbSRxFznCAALi9o1TUQRH3og8Y26S/Ag=","T2/UnLypE2t09995kGl1wn5hdXR6MhvxOvHjl9ouZWI=","QPvtWbp264jAs5ZzKV6fARymxKq7xI2MMGQiarLnkOY=","xvNC6Ru5taYUauGOkP+1h1+ByhOWV2c6wXopWiXZJQo=","JwVSL0wPOjPlq27eJzyk/yof8sMIwOqSdsjhnGIBfOw=","kee2664K6BZ2g/l/cBLf1im4Ok0T2Zcp0AMLXc0rs+s=","dFRqPwMNOIoJ3/wGeTBHpiC53q+5VAoTqSQ/MgAPah8=","MjNr4TBJiBozqZXX78heSQRBEytv5dUh3Tj6tUUEFQg=","xEoPaBP+gCuybJk47WJicuZJCZxebub9pWfLK30xLfA=","w1Ku+OuEtQBkIoE+b0AXF7hnrkxknA6VbBdPfdjBZQY=","TfjdfR7jDvwyCKFlVmU0yIqN996USiC2nj98HKchj+s=","I0W//WC/Dyn8xQRcoWFMhER4w88wjE1bJhA0c772PMU=","SLY5gus9HVJBcsqf/2fLDy0DPXOWzDBCOfSA7lUliUE=","nhboH/ymOZxNHXxtQbgGlXsKuTsbELJ3Ren22jMgio0=","uDImXSNYM4cNTfABdmlirpGRxu5xkVXMINLxCPea/do=","ZCZuXVEMBWwqllclI++Z7jfuheikqomylVKtZWUojR8=","23KXeM2zF5zEzwKRlWCUDqO2SD/SrMRdfQ+S1++5Eq4=","Ncz/Ghhbfa3w3xgo5qcDGbSa6HG25U3iVALO3vduzJs=","JivgPYAb9Z0bNn3au/tv145hENPcK4Ht8UKpzyZdTTQ=","SDM7C0r+DOKjYN+agSn2qMo0GOpIyrE58lrOspxfSOM=","mDzBN2Gfxpw0/YU31OnELtPrOrc+1InPQq3PToY0S7U=","pVMCgKxbj/iSwsSmvPSvPv0mUwD2zUeGO3j+RDJY+G0=","IwyP+ybVxjtx8vFnEuwLfyW1bkl2nSmNeXcRq1TwcSE=","U26zCi7drmWlRmMTYKVWwCtFY+K4DStwWFKGmcT/M3o=","bZCNvVds9K+uZ9tiiKW4WT62WC4+ORHxE2w+oMQCz9w=","NGOJXbxmDj6Jat5fhR4ysH6kXbM3+g3vWxbys2DQeOM=","wa5Mrg9eiYSpU5AQqFUjlOjMfQp6Y3rspzwjrbAWRGQ=","JXtqFhfpoHLFInzrjkv7Q+kEtommcbbkpN28QK59URk=","/nN9jR98NuwvxX2AMSYmwX9foMcHQD5ibxQHW2ENv9U=","iGvJbonpDXmrn/h+IF4Nu6ASPWHhjp1uLs9YFKRr1GM=","uVUcZrjN1bGkgW9M53yOS6dBE4w42zKKSpc3yxWDNMw=","rFs3jgFagVKy9Kc2LKhxkwRjJybTWWGTC8v9vNVoH68=","YdYcdrMnWJHd00Zx9XGfx1urxD01y0PHI02Nnq2QrAQ=","5caE6ygkh65DnXV6mrwGeOAtlDokKv2qmAWexiUyKRE=","ZN9kw+WgS5OqwzIL10sb+MbI709lejS4P/Ebf9ILCMA=","139XKZ8hj8hN6Acx45ja/8UJKktet5BawkdvTckZlY4=","47r9kgRGq9ddV30XdoYYPPTCNpcU8/m/ENjiJhg3yxw=","yDbCYaQqlwejFV1TvT9/XHuLgovJCEZ8I99lGeRdXTE=","a/GQdDltcGPMT16e/Fp0eJa6dWjhrHWCJvcwFLbcNDw=","wNawuB3+NoFYVQ2QoFh8Fiu9FOWNOtLZTXEtzJ/y9Ac=","07/D/G/qIGAuxIQNt9Xd1PaXbnf6lhGpMU+OMdrITtw=","0Kum4V0Mbf57ghzwe/klWKdAyP9/GS2euSHongpM0YE=","5lOKSJB0OKn6rLhPcdnjnZfHequlsy68yEpjttkXKYw=","x9wUDkqZRujjM6GkHsGQ51Vr1wAXTpBuMJ9fDkbHF9s=","FHq3HMnlyKga04Kmbt7tPheRdLg0HdCoSkr1pGe2AFg=","Z6wGKxQRxYYFBbPugyN4BPpdY3Aw6GxS1kXOoNtQDUU=","EuG+Y+5g1ouYCZGPue+khJDrRuDUfoq2fd30Jwhi7O8=","G1vZJeyVRPHOAPzEHAy5FdSEbV1MCgK1Sdy+ueGdRYM=","12sKqgMtuCHiTPAwh3CKAfrD7xcbj00fm6p1z+MhJxk=","teeUBy9BD1TxvmtVd4CLVVwgPbQDpTMbLsHQxtSqSc0=","bsmsSmBI/4MXOK1XWKEeRX25g1jNkOYl2fxlWxl9EdI=","Si/rHZPeeNjk1wVzqSol2ChZB2olYvdyKaduRUGEezw=","HKOTnhQvyW4oNLcR8FrDIimn8x6P6Jst/QK/TYQPFeU=","un2LQQfUBGkpvQdt0WvSQTUJqjZ3VSnbFE4dcELvt6M=","mMROJDmnsiVITv6/ufy6A1SPEeyMJwplx8P9iWgTz8c=","lYV0z9kodiWuned4kKshV9xvTs/4+WDaZ0bW6VpZ2kI=","ax76H3gxQNhUTJqhRg2V26RwQ5UpiTFdI/griZa+4XE=","IVpqoDB3EEn67CQ9ZYsIy1u4Yk7iRfwvc69niB1qKaQ=","AyXw4YiBfttsZOr13sSGEk33ZMciW4qny/6DQMhzczg=","o6825nRCHZSqGmf7UvPsEcPEanwxyGnWTE5fligzYdQ=","4yAOq+ne4y5Wfe1AzC5Nr0V9b8qdrQ1ZjAfrkZuz0CM=","aO9jSyOqYlDhXOLKk6v97dSuMbOcJwB0N96tWM6e8mw=","BGOcijn8nwbbZEcaL28FJaALPR81lXlTzuL8nHlZ//0=","iCg8FDz8LXSBhM2PdyvaAZUgnEEjnN3R3aZRS3OMpZw=","PtnKQMkUThwAbj0gOXkUWhjDW148QKV5DznAFB2a6+A=","OowU2fIC/3lIAlZ4HFk0WnlN79I3nCLRH7fK/r9hIkQ=","kJn5lc1zaO+M7c4OeBEsW1F0f88f3Q8ysN/TAdH4ttU=","SjNN02NcY1+cjQhLqtxKPgd/eBPkDbMc9GPqsV1ZseY=","56n/NB6GrA+vTtW7DPw0VgSSarQiNmh617dnVh2lbaY=","eMDl42ezEir+fR5j6+xdLU0gU+cIuY350T4U7qeYeBY=","zjNcrYYKAstLk6aR6OPjvrK5I4UmoLMS6RuOmCIkCdY=","R9Gc35OMsx6R92UEShmH5l32CXer2yM6D5oCIGk9idw=","7uteDQFkySzXaTzHOnOSIcuvwymBxrovAxMlTt4qym0=","lTVbNH/xoTvUrMzT1xzk/WVWkkB41UAY8rCYBfqfDLE=","og9O0NvMV91+C9Qpy/e8UeCZO0mfYMJJrjuGR4RwIVc=","oEAZdtzQVAhgZI8ybiwx2ajC8Muauz9I5jmypQzgn1E=","2WI0/difH0gsQDhcIAjwI9aopQeXpAF/mt4nhsLy4Lg=","YTgNp4xi/ScOHh/oBXlhCOSAaXY8q8z1b/hUpGw/4+o=","RA5HlLdXrlqYnpM5duzqz1E5FYASkC3prUqXnNiWKaI=","ecmRTsvFuPCe8o8ogtSHkWGA6WUlYsony2pWRni7Dzk=","OMrue5MfHrhjpo1LzHFOQgFXFu6OeMnsz/xZQDqgM0E=","Znkolq/++/uUC7nYQemVwS+iPGCTGWyytlGoThKmd7Y=","0XkkrxU1mGay1AdDW/kJVxwcUoKMH9CRxAuEdkV++V0=","f4xoRvxr7a/IB7OHCZvcLf9ZgX4b+9HM8CoYhVL9VYo=","X3p06gPo/8Q6PUeTodzw9s/BkDDRmFx++yFtJZdOZEE=","Nu0CIOcgh5df7M+A9Gd/EOwK3tGHGU40jn1b92MY9Wo=","irt1H7OBAXWS1zK0PJk0EwRXY7fZzjnCfaW3hQu6lZw=","I06Lb67dvORAr7lvu3DIoVcnRyK55iE2ChJ4axBYi+E=","24OTN7aRYDh/3f2hxdOqUoYRCKMTIHFY0Q7ZJBFNvrw=","Di2RXjYJ1gsIzz7gQppsdhwduXU9yOF8QrSgAyjzD50=","PrCEkS2qOYbT2nIsTWJAscj1LGAOkthaFisYWX/2ZcE=","6uV/+a5I/sBcyCPySTUVnusRsX8Fe5Drft0ylPbLWg8=","1Gg/yKH5JjExi+VbL0vTYfXaBb8Tn5bwnShEXdK5a/Y=","rFSSHqxwO5s/cS8yGV3cv5p5VwNT9/zYLQ1oFZPAmiQ=","yM+gQ8JWZkm7rxxUbLt+En7RsygvTNN7JAXDQy8vnK0=","qSETYymIfb1mTm6GhcY2QZBRmLtYtdCcDA3v0vMAaP0=","UrS6iPgxbf0jlh2Pxrgpto+jChkicMdkcWHoL0jG1Os=","n8q8B9PIDo+6PuBz1GR3Nyd2M9/s+S8kEjjJjbWOxY0=","9wrwaS3anYxUrzgbWZtTCFj8pP+ybJqU1XDIw6rw7QY=","ESF+FD540bSqae+s65sGIengkNwieVdEFFRaVDWuMLI=","yTIo9IfFobMvpxW3dqgVahWDuqA030n5CiWITSypOb4=","EqiHZOAbvuVchuKpYtdKwJQ78/OSj5OpRAqxwesx010=","9NSS/it28+W+MXDAavsdTDjD5zFgs9leqkDZ9zsJxXw=","Qh/EQ/vQyjYDcJuEyYU+2GCBAxAXE9+mSHj3LK3Ulyc=","XDyWaO19RHlQ/Qj/Pdo+knRurec+RPGl68QHZ714EO4=","nlPe11XVVWYoj/gP0ossOErqXrqqYfhDt57UL/EtYWU=","5rPpmcB3CT74jPvk8r9gUaZccyccZLgLHExba2OxBSw=","RmASgkVALxwqBydN14J32wBDlrxY6ORRsrX+k2C5xPU=","X0ZEJjnsCD/4k9N8yVLmbZgtB+NJ611W+OOOTpkJ1vw=","Z8hyfjZ5IiartMS2YYeOnB6gEtBV/CVGlqBGHGyK/wc=","To6t+s+dcmL5ftP5jvKL3dXVko/KQ/TVsJn7WXYs25U=","UtI93m7yjHZ0MXMEbvYTSBOvV3oA76oaPgbWNngB8EI=","QnhV+65DHAphcqgnk4H10M+zqj4rAQwmWvQ3CSyhWZA=","jVlH9b4XIsUppzEuPcwvSXIsKwgugITfL4iV/iH5L6o=","cInc5X92AxgM9JWCYE5L62IuBemwDhdnraKVnwuk3rQ=","8ZbWH2xzyBBaPggh3VRIpNz/sG2gYvoAuP4PXfNzrWU=","6OKvbPVx3cPep0VNhW7fiVHlf4i+n1yzYKFIBcB/+UE=","LhHLfpDn1Iug0ah4/2HgRGjHw3sOtmd/kLJweMpgYy8=","KEsjreGcWdoWMCCdvUFV4v1BYpNaKcaI4V+uet3ZB5c=","YG0TRe1TqrBTI1EADkgE3QIGQFDx68mvMt/NwMkb+Ug=","qqF5EeNXvEY29KcxMwnSWUOcjypcZF3UxSe/tAjHTac=","ChyXqIelqIgDO1uVCBIirGbWTINplcixlMIRpgRc2vc=","tsCYZlbh9yRF8cJbPb5HgvwF19zCPVt8/vbv8jX0gkY=","TIGQLx2eJtKpoyZWgyDrfmvRaGr9r+5xlpQG0jKZ0Ow=","gHJ0wdcxe/2a/SIcNz9vI3RT2G3Y3jzR+JUhdD/e460=","G2zu0UnDDNrhACpq6OZKTKX+kCbkMgFjE5duQIxOZLo=","2GNJ6IdWdAvr4lRl2pyXeuBD+fZHO+DUCQ+CnNo0OTs=","ztJgTjVcs7w0N/fbY+w6ETZ6uOqHuJmA2FyGeAL0urQ=","FkXowWB4ItSPXeAy9neh4NHDMcZ9NkULsqcdAkG5MNo=","FpBgacsPabCA66ZyobakqMM3wBJ536uBJioNh04AMcI=","1y4RmfBsFknT7cm9xsLpLDExjf5nI/6ORwnYv1/1vyk=","yD674YFyoFZo1y75pmVpSZciucY0pAubFvGT1+E5b70=","7KmYynpgAJKjS7PcLGGkBGYrb6WnOtUurlXDotfAol0=","cgGAqme0yo2JXSjnmUzO1puecSxIh7HcL0glTvjdOU4=","voSmOyQH5jky3z3c8i6rWXDTDjIvAqOxNEicRxSH1o8=","OTjM3dK/cnTZcX3UYjQ4eSKw6pHcv3R0Ibr+nzElcvc=","u0xxmAAU2u0liFbMPdfAxnkFW7igJLEw8TXEqiAzDkM=","P2ATPnAh5PG88HqblKtWWA77Es+mGlFfgbEaqo6PoTw=","wegjUNvr1YhlRkBPyQR8zLYx6ff7kzp0uWR96h+3PLA=","fG5qvra9INlGvBD3pR36ytgcF1YBf7rzPN8AtQVufSc=","k/a9NKH/5fKUtwa0EMk85Tz7cc/6cGskb51rRUewNmE=","s5DCWMKLnCgvfsRokW9CngUeXYgkH0gXwSnxhbIEuR4=","PG/7yWFSP9vY1B7e4iU/vqQziJmHnai1fFrkNZ1hdvY=","HB8p83RH2mYPAQABnBIKCrfPhXM3aHM0Hy1hnFYoBa4=","ib1IVVcxZrmNiUcetbxTjH9sQ3LPpeSQzvrPxlJfqyw=","u8Wv8HAiELavUZFMl9kaNvDC0I3HMY275QsJYjI2u0Q=","x34NIgRD6SEAlOyfDl8P4RoUzHdTXgDu0A96HQ6lYVg=","lrsMfay2noI+cC0D3/Mui4e1OvdlTbV2lljO+/LaB/g=","eMVJnepUIn7woQ5Xj2bEquEVyQmTy1ZwJc7JBoA/R/g=","NqtjMEoPnaoiuQmEdzQTF5cLwklFFxOXRahIojZIty0=","5gKvpW40+TjNQhRc6mKuGK0O/Lp1CWDG+lRQBsNcnaA=","ja0m9WU4D8x9oW00wQiBnHSx2abQvhb2MlZDWYTqHUA=","ZvsXGt1uHJt9AKnZcT5kJlzDNEg1mnVEwecWUbIFFmU=","c7jqpFkVNZALlwJo23w7WoYrAvk4tDOkAb8EjdqUQ8k=","LDHpIY1ckNZKp1G7Y404yfw+bgUEkO9T6CagBQob3wo=","2hEC6EWBi9cO4mkUA/mUvtuj8YEbfGTpnUkCgaoM7S4=","k45WHYqe0WayRC/cw2EwqkSA2XPd39J8X1p/0Hi98kU=","Y5D34KNkjFHQDDAZNAulnzAFH7t6cqGMyFICzFtXIQI=","MRUMoXuhcXLN3xFXVkDm3x4GaWJiocPJ67ZMvnQ4WfA=","2EpYzMTTrFHRp1TtAG2pPV1grM4X8tPrsBSrZwoineo=","IdkwKxzLthkm71eir7S7E5VkSGqvAsDOTwXvUtkpc5E=","pRNC8f3Au0l3CO9nECpJ1Adf3KfSQZBshuW03IvANes=","7i4XUj8Tmrp31SV8YVqOwxROvxrM7MtWCvpuxrqLFYg=","yJ5WmrCYGvGvgu4d4K/pePyDF1H2O7nuKfq6BsT42WI=","bMGpI53fWjTuwIeysWsr4AOBjmuTFYEBjnZW+BXj9js=","HNmnPijbGdURVD8pPSqo72dKvwU5S/zIM8B6YBZNQy8=","qRitgYw1iNTv2KUJvuUVQOwg9LVtIjAg/tLDVuB30kE=","8plfdsSkKYqS7SY/lTv7Vj8pGMhQ8uPzydHQuRgmsYs=","HDmI78GJM3jvb2fbxo9aPpZbhZ+WhLWuBEC+iZP1ksA=","7EB9GIWq328z474xDFvKEHn9RDat3KvsiJ2O7/ihIJg=","e6QEc11Yjog1cO5YWz3ZUtW+KTydw5OhnVATHOQikPw=","d8/UYBZaotdtXuRWHhfnNLCd6HjWm5elD2eHtDsWBVc=","p43SKkFZlw/kAf22H8yiSnhdTtzFOfqjjiNX5Y2LIXM=","vqIwo403kKGL8F7wPflsF52dPLVpNc045dcvqwUh7qs=","t2vp7ULkMiXHauU4ScKMlKxQscvpmM0jjH9Uy9MtFvc=","LEJ/X0xoSQsGb+udItSy0ASdGsrwBYwRyKkFrBrbLCM=","mgIx/7bu7n6PEuFGT0Zd0QhN49Z80vvsKPScA88ABgw=","KT8i92FxArM4rWYrl9TaLFssy6AlZPX0MECQ3RfCdkQ=","GTE5PTifw8tMVWMC/AZdQgfkZgGqe8wojzksPx2KxmA=","NJSzeyZFgESHF69GVNWGhmz6IpEbMQ0DiIRp6/22gG0=","XDVXvEF/VGzUGOAbPOZGkGIsJlLbQ3n/v98iOqb9nz8=","91e1Rj+a0jRTVyCzSfumQRKHiqjRsNnPn/e86fWtsyw=","vMDmPx3QbDQtH1cyl7UUfzSfCDTe7Hwl5QXgueSzMXY=","xZi2B2N2OTUeWubhJE/SEcTXM7i6T3IiF8enGPdlhI4=","Y6otTmKo9D88TLvbKb0Sh17ilKmalyIW27z0ezcSwVM=","CnQUmnCkXUOR+JHs/PADAQCe3A7qnt0fRI1OiICtms8=","XF+ozsHYjfBzDTjxK+jIWQZbJqr2iKkVUHqGmlRartI=","QLgwKNYqCN8UEIBj+qVL9GjzqB/9MJ+SAhJ9h02h0h4=","iVOTj17COybeO/TVbT0JFNVdZacD9+tB4x50SIAQyYY=","MAs39zpf0wkeVpx1u1vgFxJ7rVzF2AXFKJo3y5/V7nE=","NGMW2pTUE9m5NTdDMFUjnvZkyvqqv/VDHJfM7FfvN+w=","6MUMEk9KdxaCT/cgfLXmc1bLsIAtd+xpJjHenLZZMOs=","jyA8FR8/y1wuNPf8JtINjCR+v0hKKdBXonDskV5wUY4=","vryoQf/upxPi2uoDO8K5rIjE83G79hBgPJqfztP3Ugc=","gK9++1JLhH9+1MgGTRDRcCDquB/35S6RgmRpQXrssOo=","wwAAwI1ti57HJz6esmvzhm1/+1qtS9txJkwnIJVrXis=","b9Eq0+e6g60qGyu4gINe9Z1J2ooSYttXuiMVuq6Sv8E=","xELF3Ql/cLfpVEJOgotQ7Oy/Hp7PkZMXMl/Av4SiOYk=","88AC1wd3+uuFqPCAUq3HAUybacwEet/Lsp52Xo1Jk3E=","vDSVwSBrVaX51yyrd3cCouc8A6EK9B+0t8NYKH96tKo=","dhS/po6tTUrCqf4dDKGfSRqZJ9ilWYxYlznESSx7X/U=","0AoYQ+V63jiKNLS9onrLNeJHl2iURjwc4TL5ugD3wns=","7q0bWMCtksrAu8i9KoePciTd8fFulDslaHCg9UNL6Pk=","qAUK7Fmw0tshyzIjQy/I3biv1S4HciUPgxTH0cP8smY=","wAYhbw3OjGwm9Ri60bCcvEM1sCuOIUkGqO8FaF0nlIo=","ybMUegQzh6/A8JDeuJeI3aIr9yKUAD/2tuwFiX2AfOQ=","AW+JBAHVSCUce0Z9sgCCFWwQbkHl0uJ/pU+FrZ4m4OA=","hR3qZDk6UZNf1mbvQkSIHuIACSvxObHCU83MFJ/tWN8=","voYPUwK2yp67TGKq2grn3c3M66bbok0YK93aNDwQHoQ=","SSf/mbOzn/QuUPnJfIfc8XxnTd3+HUv/XzcuWO8OI00=","0Rvvm8950ihf1d5+92sHHIhxbPXhEu2v1kTVwD2zKBs=","ka5yR2lXmM48nyP4Kp65Jr1Gw7OVZclA75DCwGeaRXQ=","AqeiSxX6cKak5RwH3DoWg0w/55QltenIeCHhQgF+MZI=","l+NodmAl92Eie4mLVPO/kyjYMd+w26NiPencVf/xvkY=","ZS3O4NR6AxA5juHkZ5SnFV6td/P0gnGAfObMXwZIqrs=","4SF9mdhvPTh8OIKitOJAFod79Jrf3UuNacG16cY+BFs=","cIwI0IUFhwuGvryHxbugg+V67j2HvtbopbBOzE97Sis=","DGiwbCzPO4KRi7pt5O5DvP/MEIVe8278kJkeZlS/B+A=","2NzcYJmXnNvmdNln3oJWvkHa6bo6WK1QSQpS3Lch9qc=","F4M9OrPHq++XTzD5xaoLU/rbeP5KPw1TmkolpJgfQIk=","hw45tfwHgE9NvNbdTcgQRPw7BAD1urWfrd4OPJz6SCE=","5BEecxtjPXgrfBJE+wzO0YexKTwj7J3IYp1BVa3mQz8=","DRuWVFKA9+NUfyBD6FwfH0y1oP6hMH3m1zDY7MreMUk=","SrxNB191KMEMV2AtyNZr7Q7r78us0q+eO7lSv8eALHU=","5y0/LaZTRElLVaGVmJFpJk2x2V7hiddx89po9yuLXvw=","jwGm0xFFkehyPPUoSSqavX09NuzxrRLRs6jGF+8vaTs=","yptktBnvW4H5XSe1GymR5eykRCeR4/u2t03KINloXpk=","njvKr0rvQcjPb0kuL2u8A0IhdFI504qfU9B5k3PwFnU=","bT4Do9/MKMN0EhnKD/e3+UKk56Vijfn0OgL1Spe3Hno=","3JYDHXa51trJcfjM7kSQCCkq/qZgbmKuE6rrX7QwACI=","u8VhbMNAXbD2F6vb3Leth6imKqGruW9r7lojF+l3BR4=","SZssmIKqFUZDQGWbY59R3rUMOy9/5EGCluVIb8aqgEs=","YDe1gG4FmRCpyqDkQendrdhUfq9X5vFhp+oKvam/G28=","RkavSEeT/+kKm5a8aT1gQZFW5rdcduSxjz8fK3itaqw=","erJrgU3HQUyI7g+Qz+NoAv8GA4U1M9VNQHb3ysxPcjE=","R4B6ofwoH63u2AG9uj7dFubx+KyL2xe/KirKgbC1cKg=","yGL4Ax0cVzSxACxob7VegmLNT0iSY5O4FaMxIuVEKEI=","LsCrKOEPY75BM1XyB0A6aN4QdfK2XXNXVZ9RkZHTvUM=","oF83A12ognCyLZQc1K6rdj8MCc9a9CbkLHQyHMaTrAs=","RSYCKXT+1IgJP25ZQQuMWACdqS8Y3OgDCEKxgJlgB7U=","sWbiWNzO1299u8V4qWJMze2rE2yvd9tFZnvh0rDcYGA=","SDRVzGhGB9byI5BJtAQOlYD/KJ2CNByJld6k700rQuM=","s2thcgtT3U1EQXvj719PMMxOgAtfvu6+OYl1jTR9zuI=","wqyDu7qKbiuA/pX4nKIA8wfRFOQ7DUKI1djN+wpD5gw=","hfsebV8RACXzFcXhuONGgggY3xVXPbyg2h5Cpnc7eFQ=","mE5qI5H/JC6/hcmhqdqlB8JodPtLmd05ojNvFfadHgo=","+jFXBSW4oEHEjJm2qRzj7Qb/TKDXeVs9WMWcK97dgBo=","/6NqI4GB6p+pt3E5F/7R3vq3PyEl8SRlBRwyAtSR24E=","jpzJXoL9pGk67pn4jlC/oVPhQHY0/tcW8O7dk06WYIM=","PWSz+uU2nsfwFwu8oeRzDYyRcUWv5zYU9mgdavdyWeU=","Q9/cSkWbB4a+bpgkwSWTPaGxVvZUgBxs5mtFAYXBloM=","YV7fgOwuBFjoClwj1MFh+555Dl66AlqE4uGjbaTuYwk=","t24unV9aJD+zj5bH8bg6Ia0pgVfq70pP8isI1HU1rGY=","fmA06/ArY2x+MxO5BLYhN2gUabDo30tU+w3Lvbo56c0=","vYXYOZmtwi5aS6/FHDLnu7u609baZmPooA0sZ1f53iI=","sIcJ5Ep/lnks+L6Pg7tCFzlWaAqwx7uzViI3HqCl9g0=","F9hVcafqzMcYLCPAPpetSvx69tiECGitQa+pmm7JOXM=","79dajFUZLGHsXbqDK3bpofIT+F1cNHayZRS4nQShQww=","WoF8IPdqJK1hjnIeQBK8XvWeipYslRZ1151FDtqG6hY=","7zWWH7hOBEnSpw5GizAny7pio2Funb2GajFLZHAUMpM=","9ueyFlJFJke0748EhBxd7CsIv6uDsr1tjhi9mZMhFNo=","9p0tdt8IyApYuu+PmmkWJeea+J5pW+CVMkM0FAdwWoI=","2IDmKXRHRz2XiOIW9lZ3BavR7oCsG/XSbufe5Cg3IHg=","7n+JWhR4msIqvP84j/TerYqWfVVt3hfwjDG5mR8qzGQ=","eUbWfkcFB/TzR+EfDi1VEdBL+FiE7HztT1FPXVfzL2g=","Y8leXFKVrCyTN4MQDAKjdhR6tsws2D8Op5HpEgOtb4A=","dk7nPe1/Daea0a7RhC8MJ1klaIIg3P54RbhpBGLa2MM=","07IHp895WBrlQD1dvh1bM81I9hIzNp5IFJcmGQ57xco=","gPKg885P9w9hVI9bF3BXsgT13Js80SmKtuVo/tKDW7I=","Ep5JjnKf4VYRL9cGyJ9LotrSlLfCjHBGyUDYy7WneF0=","i+bjZ+0uo2sQJBNdBoK6/ZbULMiG9zm2U/SftRagjeY=","wgmn1RQwBJiTf7j2Evuax95Vy0H+j6f/av0DmPZOa5I=","zOm0Sj5QUvVSzv+zR3BvHE/HtinoSKgme7L+/8AO8JY=","f9MjJrHXnio5tZK4RVoXm3VFyFqYbqZ0qnpghwEKZJU=","KOpvX+Y8QFwXLkBl/EErO8qVeUiQ4ZK5ILUbq6txObQ=","QfvGjpTUrrkTibogv8r/86PQR7fMhUs/5tBhc6Zv75w=","6TqJR+rqZGspfUKody8TeKsvKQNLjyCxM0D2/cowLGI=","CHhErRUDZzAGrV/t+IsfsOHz/x113Z/t6DLzLXVNIOU=","9pv0bNSQbxAQWmCfCOYVbVLyeKIKFlIBKRh7ghxHaC8=","JiJ9DnM2oISjhT3LIVpN75yTIC+J5nzx+yFC6UHX98c=","2+UfRp8KNUit6kQNOts0eOaE86yUSA2gXKKuXIBoOXM=","I72JY0dnZ/fT9dDAiFK5ESJa2YvpSAkVorfvm0ZhBCU=","lWXNlFls8Q1PXNPOr0kOyMKSZE1vVTdNPK77izeZsjI=","Dlqqcth3j8UMaAR+ETVn5RzlKNrVVu2wV6TDUp3/V1k=","WcTphETobZuzOkgnDRJ+HKfCf+Amu4ackykX0r3Pg4Q=","EqSSI+NZkbCPovS209N2Ul5vb9m/+38WUHPA5ZjYTI0=","LjZvNB+bxnWAcSmgUIHrknSsIlY/1pPgaXhrEDP9wfc=","BtIQNrFoV4sY6SfD069G4ZGGYBDbUg41z4291Io35Rg=","9ILX7WUa95qtYPE2NZgelBXDWCzqhz+moR09c6dRIc4=","+dawpedZhx0vNRaNxOAlDCgBJEQahiaOjNAYDlCBWTQ=","7V7AlmuDeuLymB5RM3MZYVDcHpwOLgfvjDadvvy32/I=","dW2JQA+EYSZHdGz4oEK33b1hu5GgasGKBnLMH/Wx2Do=","blpBL0/pdTXPRHmMucy3aY53J2Jyc0zQYSz+gT60tI0=","Vmkwu5cjcJoFhV+lFVOrwAxe9OsKE+X3OWgv7EPXB6Y=","0fP5Z44OZjAsGbnYvrXcJU5mEYMHVkyF9ntDqsoFwcw=","w/Lin/6LYCYTutnD0x2cBQl0MPAsZ/BL63E/ADHGFVI=","zZS34VtUjHb0g4xOEf2wX9bwQbDVdi6m0UJds0x2bU8=","hKsIt9/SVpi4gpkqPrtHeDDOp1y4C+2GoU4+J5cBgqU=","Mvijjn0j6/jNjEQjh11JaS9TRqlUpwEdBSL9GP1Rn+A=","jrllAcAGiFgQaapv1Jv84e6YiKtdVE8L6qJZ2WvuO7Q=","L2lir2D8BzxMkeb45bu8bIPrjmkqzIuoHu9DN/UHoqo=","Kr+cw6Jkyc6e8z62mJM95+7XbUQ9dGBPk8c9wzDZNFU=","ShfDK3MorxGzLUYjX9nCvphjVFQ9v+mS5AI5Np9IxsI=","9cPrCzTSv2XV0VYsluzk/EmN8s1M8BiIsimt0AN9vo8=","IPjcK+Qb8gPenzcPJy8VX0EvRJUI3drwfcKVyQn2JR8=","+r6yRNcOz68TtU/h58id72BEwj5C6EzpF9Brmlzmh5k=","SELUsm/xgYu31cXZ/DZ3c5MhZNHEzSHm37xaU6J++MY=","4Qee/iIrbb3b4Tnaia5GJxKmhNYLsCQnnPGvkd/03NE=","cddJTd3CZVaShquJ//OJNTw5f8r9zCSIajqYyMktBDs=","KSmsJSdHSEFQe7ET7OTMm2+QkgUucOWuBN4ixS4f8X4=","TRVN6imO1WOv2lBXebhMzKEW4LUe/0d3rLAGwJHB5QE=","X8BP9j3rT72YP2F4M8ivIEq4UY5X9toU3qRb3vvZMVc=","l1aF5vLgobr9PmvInvfWe2AwMt9KaIsv9gg398Qds0k=","Txi0vigf6WN0hGSYp63cYPPhfy1bCIOHfMLIQtV/BfA=","OVisct0KNwjih0egl5jsJs11FzF/GanpqPUaFVcUB2w=","g9zfAi7MFfiDDeDaIM1pSnV4l+00xgVi/7GK0gYzEXs=","MKoW4CfnS0AMCyAoBNdxQ5gwSzP11otqtdLrv/ePToQ=","cu/aDWVJVC+U0F1Mzf1lGYAeb1RYKXRTN/FeprDs6d8=","fSNn+OIPPCJYjDuifm4nuCwofadx7flOJrjHEGXZpyk=","Myks2HC72sxquvz3O6LxPNXefl6ZjyvmbrKs/xCxMRg=","VdK+H7ZUZihGH5Pgak+/s9X7pYtvS5+y90huRlo7cZM=","ShmdujYvC4mBwQe/Wgy2N3RPxVfvnEfUtZ/mll/JFSw=","9LadL8XwO+zRfgPyLCJmyoMGO3Dvb2JDRvj5eBbzv28=","+1XZghjdzJARVHbojV/RPTfY5JHISXNi6UG6Q/c3Uyg=","sxkqZMZkdinEsfB1u+DxnEz0FUhxKRGI31Sk4QWViKI=","hueBP6fFIqWfAUTvXDjBUlhFsMHtZbvzlIrvLqgopmk=","qolMxumhpgOrNA8qoucTcSMdk0Y0uv+GbWZSwSp4FvM=","9dMGktpl95Fy87CL0SUy19AbA7nVZW7nnaHZkytxcBw=","N3f9YunUoSYo3v64M3s0jj207YxqvZo7eA0AK2VMhHQ=","cpRfY1fGrNPibEYqvgJwmpRRaXWpemmVCFu9RfuAu18=","c956EID9cplu6zdWpdcFVfgY+aWCNrib1W33q/7Vfco=","DOzEM6xcclreTkUbKnQWL0dsbWMa+GZpOMTqfRJtmfE=","QOBfRUpogU3srr/1MQYqFHAs7N3ng9Qg5/wY+R6MhxQ=","jS3Irl5Nh/JSn4rY/Qf5ICClCwOwHcKrw+SyRwGVy2o=","JK/UJld1pZpo4cSq64teZMjJZ7BOLgwU2Il36kWQxUo=","8eeb+hXcLUEJKNOFGxN9cTfx828LzkrhfDTNnzSttUw=","cN583P1+LSaLUhnSRZm85V5FbCRybIXU4qNeVV1UZvI=","suUkfCoyG7a9UyAIAlpElHmhgLamKKnFvx5oIgRd+wQ=","X36QV+CNHJC8qVTUtz4E2BGTf6c5Jpg6q0iszZRgD8Y=","sCPp2zttA8mDk+qYYUe/sOc4cOllGlM6DMxsGiNDIqY=","rSvz7/ofr3C1Cto+cBTitfdW66SwwLsjbs8fFY4vtxc=","XQH7XPZCgJOakAqrUVOTPCtDdbuewS4IMRSzSSglR8Q=","w1qXtmkSeFWhAnMa647Uzo3hSEOwqsmIFTVk6wzjFHY=","VlHED5S87LA2v+ht3bQBVIsSyEdUcFE0zB4B4+Rw4pA=","Zcguvcvhp3U/mbQNI/2NbEp7LerFn9G3uuG7isZUyks=","V+PBhAqvV8GWcMxKfGCKaslMNx77Y/bnVCQx+2kztC8=","91ovQ737A+kMX0h6vlt6hPGErtH5A3MD3V9RStaGULM=","m3CsLC1SdK9cn2r/EJkACN7dtpFyXfXaa+eIkrbYKQY=","895m8u7oLjxIi7/LLJ+kDRXm6DtMFBZsY/btSp0JETw=","ZTxO4i0E40iywYuBg3Nzbm5Mq3cXcEdy0yy7b+gpihY=","kR93u0TXf5u2ykdhKmKQrMfiqCiqBt7pLZxi/NsCbZE=","2+0c79qX8c0oTXAGjUbniNNs6jD7fvoPbPbcQYlo6Ms=","DfV+23UsWjFlzSscjVRaLFLoI0knSmOVQs4NgI8zh5I=","3XlVlYEmcCdb8ZLG3ecK0w4b0hH8MFonRBQSCR7cY20=","mOlAP303SZBauYwf2QHmCFCUBsG2pMV4j44MbPWwgmI=","mgRvza1wLiTN7eJOMvwNdTIx7/Rur8/J/TZRFcLbcys=","T2ZYBM9ODCgkxvWOWevJwRKMrn/owD4OVRiBFvfqxQ8=","p5SLQznZeAi7vAAUFfGtEar81sUfYF+t7gd8bIE6rrs=","J5uHHnsbD1wAUFU5qgVcKvCuP+g8J+fWiF5BH7Op+xc=","iRdg60tFlceTe1W9OUV2btDfBPlm09ASCzLPWk78QdQ=","ad1I29IQNipLBn5SPfCRtVSlnCK63o2qUepbS8KUgmw=","Rmonus1107X34gxn9sVusus8k5I3wUJmPGnZBxd/BqY=","d6VMsIhvgWm+eh73CXipKg02Q0TomhUURIRwDz3HUCE=","o5g0Sdq/WYSiR9I+ay0wGWFJ9ReO/9RNj3WuRt0vDUM=","z04T4jvlo/AhnIMiDxpb38NATphqVnXIiN7ES8av7H0=","DzzIGiJRNue0snrzG6Jhxl26ignf6G220EMVKv7pz64=","kkf9kjc00lbIjRUHl7janu47anrGrPKfRxHhPbDNw2U=","f0491vmkNOWKcNdmX2RtTfNABpa21uIXkvANvYPXm8I=","6/Nu9OeUjYhJDogH/u4DG/Z4TCUgz+b09Dh1F2nIlRU=","gXK3dJayawhYWW5yZbw+ISSBmBjdnkgkfbMzcW/jD2I=","80NGWrocE2DJCA1bChq1lzGxAZdPcrtoYx3wA/aaGfk=","XTRSzx7eJPlhVecM3+Msn2Fx911DzC4hae4dNpbqmUY=","ocr42hDD+r1oAmUJtL3Tk0Ebr9WBD8pIm7znsiE/x3Y=","IZXUheAxa4IKWSbphIhdnceWm3X9keZV6XDMfhsTcLg=","aWCxLT3c0C9A2XiaxgVV5niE2Q8u6A/AqOxM8Cgz2tY=","1CSKzh/S6CZyX0QUpfS3y9i/OkjFoGdRCbhkdr3+IKs=","K07V/FaLb9IhObivUPZo/E63KHx2fSOyzpPw0NqlLn4=","Agm3iEx9H5Ho/pEj3NtsCLYacuzEIIU6h4aJuiQ5wyI="],"block_size":4096,"path":"static/js/main.2ef2d811.js.map"},{"block_hashes":["nph+QO5mhTdGVZ84ygzDECACFyG0w7qQ519Ppi/7Lyg="],"block_size":4096,"path":"static/media/ic-back.c684520682473161975e5dcb9a3dc1d3.svg"},{"block_hashes":["ZQO0Z3deY+UAZjxzNN38kRi3qV4nSXnawr0O7MbG4c8="],"block_size":4096,"path":"static/media/ic-check-success.1d3c4b8f5e69a1ca4cf740dc5c651471.svg"},{"block_hashes":["TWgktCuwZnF3KEDVFwAYI74ydxP3sv/0UTKMQ0av1EQ="],"block_size":4096,"path":"static/media/ic-check.f517f061d02c05204beb5f5c274a34a0.svg"},{"block_hashes":["nVWVFWhaQ58VYQLawiBW0/HHrMcQiu07T/Ek85MlLk0="],"block_size":4096,"path":"static/media/ic-email.4dc66597b5d0c2cb66801959b343e22d.svg"},{"block_hashes":["QN1LmDymXmcJIHnI6S6JsUtnLP3vfRfEgxBPsxhkuX0="],"block_size":4096,"path":"static/media/ic-link.c1078ce4ae046605bc77e4f5f0f33258.svg"},{"block_hashes":["3zSqovnBDN09eXzaL0Sa/vjakbxla5AORMVcKwULtkc="],"block_size":4096,"path":"static/media/ic-logout.68297ee6656cb720f362a1c1fe26a6f7.svg"},{"block_hashes":["/me/UM1TDUtny8kbbjfl3jtQXtlxZ+So0hQvIGsMpPk=","yaw+4yyoU9j/c3LOrdcuU/y0JMYR2NlnRwg6e+DgR40=","uQtCa7AFLwFuop3MOiDdC0CvHnLq9OVFzWeFgbrivsE=","OaVMCcG7iEhxEXFnGgh8yEvS70tHXngzKmfl0XoXI4s=","7znM5+hHZ66Ky0h4rqxk5mBcaXaByCVtfWvEB10k73A=","PKT70s0cRITAFAOIDGYiNqnNqxY69jLo0HSZwQfzDIo="],"block_size":4096,"path":"static/media/ic-nodepay-black-small.d83c8082a3526be33a5554c137b81dbf.svg"},{"block_hashes":["xlUaIFvOOsU4DEVn51Pmh0OFygv6EVqfeYW3dLYKQBE="],"block_size":4096,"path":"static/media/ic-reconnect.8672866b81b1d597b9dc4b943b7bf9bd.svg"},{"block_hashes":["RD6M2O8nfMd8Yn5b4zE7fKhME3vEL7eQwjZgKH1Gpvk=","p3NVWYvRWxVttW+KYvyqPPaGpnFv1SMgTaro2c5S7sU=","vaLOpvgq9e5R0/E3xfPiCuNs6kWgm9ZUfLcC4/ZMPlQ=","CJq/EkrienI4p2YcUd1WQHNqICC7iw+b1mgVSmlqQ2g=","vCNY9/GnDC2aJWkk8CCrFL8exTU7QkbVlBhhRLdwkuc=","fxcv8wtePPSIFYC78VSu33nGegd94ETezkMaddGGBKc=","VTyrJIM06GQ+MZecHwV7c3FINjRnkpNl3cMDaEnocb0=","UZJPmdMr/y7W4XcTKeKe64kn1OL6rdBeMi78K9Tc7xQ=","bS52/1alXY/zLn8Qk/LbB0aIAXlq6hacmpyhpkvPDU4=","orXwYVCzZVvm7m+eIeWa2ou4VA4TQquaNGsaam/vWL4=","03mtq3BzjSM5gFT9cAm5Mm7wSHj71TPUU6ze2fyHsCs=","UWJ9cvoGJR++apIHIRTEmQW3EGdbaOiCLAcgMWQl4KE=","iVfoKQ8aLpuYMMenbd1Y9aaiCbcpLuQfiAwN/IslPpQ=","KqEznfXYKg2Ot/yjrrfFLxrwJFMfrmIws5XUlqaroh8=","tw4dmz0kMRuithTz5v+q+o99JJONbPCzBUAvB8zGVVE=","BshuWajZs/8jErVKvcv9LV9sBatHyyodBGjOiE9CiO0=","A5xREW1U+byTx4dr4IN8w9e4mqf7J2/PX/oXmH1sM7g=","aObNox1340M1/9xENXCX1/OXkFoXf8kq+J3I6YxiJZI=","Y5SOmKwOezOIy/7JsvwtxXjbBriVrOlV43m/IZ9m8Hg=","5R+ivOtblW+cxV/22gXfP207dz9KkStTZXmKgeZeveQ=","qJOdrSOdGRan4MslLNLb6wPYXw/OcunfIudoHSM7+00=","Ze+nqUu1QWuzELVQhwuXmIBDWdZheLDhySyaKg2d6NU=","IloeF9Hh7JoERAQc15ZTQhmUrhMW3HOOzmJsV2A4BDU=","HBQJk5oOA0DInUgpOL8fiiWfp0u3OEPDuKaHVTGmBOo=","wqlVul+CFTFPKKEfEauKREQh7oG5jkLGohSoqT+1NfU=","MXPu8VEAazcCcDtoBsUO3YyqU2Gv4N9xVI64FcwFliI=","GqPiVrtUqZ5itLde23mgazeOAS8Ddvi2Q9Y222DbUhQ=","q6YSDbVstb7l18ONkS6e+g7d9DoYZXMJoE2YOOICu9g=","h1vxdHkOqEx2n9pHgoBFwjVBg2o+YOLdiuYTPBy8qOs=","TWwNbh15axmTvPA8yOLQ48uATpNktWIHFv+L5KDStZ0=","0MaqforuFEVjoKd0fmyrh55EOhh78McOTNe5WzldPYI=","U/fYgav+nJrIRdoLPyftoxMzabJ5+ffdrmn4C+4uBzo=","E4huBPyOUa1WU9+/wmMmtmBxK3mWErmZVyraW2QflY0=","lpcFL55kiuyYIX24SBBF8lfl+Jf8HrRAVsrVOsnb/q4=","ocn6qLx8xZ3ZHcODeK/eu+bY8XgMLCKBToGx7FEuTcE=","ch0s9mBHWrOeEUxPtAE7eB6ftRR5SswTPsYAM0uD2O0=","pxduVC3/6fvIXHj4cjqQYFyaAx6lFs8n7GwhviDgSEE=","PWbFXl7OM1PnAyJKamcRmW9aS2sn0TQq+5EdVUCMpow=","5Zl5v3bq+Rt2laKsZesvoKMWzZfYvVcPZFerUT6M8Pk=","7CsW6U5ZiCZ65g1PNq2y/VHNYtiT4VxYH8UCdcOOEso=","hGh4PtW9oQvT4KxpLeq7IdbbFQVvE/2hrm+AAjL+J90=","TcgM/+taFsJ9VnOSy6Z8OSSv7Wb20fB+bdiGXQ2Ipgk=","hcgyLwDyucpTseYx0lEyJGrE3WclRRW39jF25LdQaBg=","eKZempC60C3Vu5kDAubTMhC9odi9Dymq8JKaQixMl38=","vC+ubDdSjKAm3a5AQNV2gnMokkPHVCRFLOccMeTjPK8=","ouwEAVP1FJkuIey2dDbgx/DBRXrDFqu79vh427Zw6ck=","o8fYHRyT77T52bt41V8lWr80tv0k+OMNgr4s8EhNuVc=","EI4Vqddp0oYeSTxifiN+yyR8oxijg6cJ9J+26lCX+Y4=","L/Jcmxr+XdP6SAggAf9dLHVocXncPXFoGdokxNmvHXw=","7IphOKIrOYYeI/fmsNJh8cHnosb2fS3cx43RyeDKk/4=","nMzSSZK/Nu9fBy+iNqXzSNg4VibVXCVWB5zEy3g9BNI=","RbChkiC6GSLlygQ8mEqyJtw8aWsXE2p73Ssaqzbvh2M=","QbpDl82T+cSZXceJ1I1/bD9+yziloflNgiwL1thglUw=","cYj2q6yXpHqoS/0rj1f+UbbGhkNMv9e99s5sZGWHqtg=","o6lqqfuG5ftTAxs37/8HPy/mirizoUIIfHG2exLG4is=","E6jMS2KZ9nolENJ7UVOTQ6NRSkG4U34vAIKBwtGr6r0=","LHbzpLC4du1uZJykze/2TxkBtexa5lHcc+qoRBAsMw4=","+HEFKGO69xkLUhd7L0FJDUVWFZedw5Vu8rNXkZdipDk=","W8ngQDU1vG315o++R9uuE/fj44Ad3+iHnNXFEqO3wgY=","6k5MiVvnSCtsi21JUNWkVrSozws/iBzgWOrqfVwg6NA=","wkOMW/a3nHiMziXJK9wyNznHDazLgyOO2d/5ZMZQyCU=","Yxg02wA3mSpli7h3W9EuOJaGk/CICdtOPRCalkfYMhw=","6DCrknFIpuYdptXB/Zs7cAVD2Go8ZV2SfxIpRvWTg7k=","uvKxxD8dX/qbA6Ncn/F5AtV7CDCmyo+CkmIHeDTOfck=","HyO1J4Ebc/o0QvSqyEP6CEdCavS8bqxiZOVCFR7POlg=","hoBP6BUJqGuxLaj8HLDJ1vPRxQMksUJTh5H5v421fJY=","qN4yQiJGCrRbyNDJXI5CGIWOk3T+mw4dAa+8qDLQe4M=","XBUCW4PmM+aDljaqmDlVVwFuHGNIMtcsrIJzAMHHu5E=","wgllGofvB9Olo9co4RL2XffIK6b6EA6JfmVmAMOkiDg=","IAiBGBi8UDfnrIf34GMv+j9Tob/aBmEH+h4hfXgipXU=","f211ep+DDIueISl4UFMCgmul62wG5eAJVgGLQ9eZ984=","aoFJYiKHuXVNUrCJMY2Y3MY/x5hUIpaJKdxWMkCdgXs=","CeXJCP7DznruVLbrFczzgPVdWebEtcGl781gEWPmJZk=","wVlSamDwn9pNCEjrWa6Tm+5J4mH4/HOZJZXHLJVxbKo=","4MvZ0Wz04KpdoBU8lusesU2L3at4cTOKQy8azM2B9R0=","dar7+Ux0eqkMG1J7o1cdk5Z2OUkwDC9lG9I7PKRDGVM=","0pMM4isClMa/52faNuDVDley+86oebMmlx3EPmdyR/Y=","jBeqFtdEHQO5Lqe0yvZSE1rb47/jXeM7jKzUPzN8L+U=","KWM0CtscDMdvGuDU9+WERkVMc/URMc7FrVcWJy6brcI=","/MjmDgt7Y6jz3Xh/aomZo8pZ9GyKrkmTFffh9VCVotc=","wE9MtYhwPAHtxboguGwSSON3sBvbh0qtKM04d/KO+zQ=","WuZjsLW77rqGjxNWlI59iXA5gUU5I8UE/QjRr9G5ln4=","f7n1BhsnflylzuFd+JFsJSA+RkB+q3GEX1IPUdpLzUY=","ix/L75AejZxz9Z8nGf1/S9Qz+UCI8hrS90Z/AbaSH7o=","OAjz2dDyffrRr9yCD1kSu9wyqmpBt/ZLgVYphudnGcA=","CCIMe5oYxaKfY5np60akmvNM3Eq+6SI7Zgyd55qmXaU=","ZwEA2PXT2B0/OUCM+SaqdqN7eOrHr6VAN4zx1V/UXe0=","a9P4BI6s9ReXlMeSOJM30u6Wef4kIAmjYfRJvHHVSoo=","l4memkNiUNxHYBDzQWWdhcDFxuq7FYODxbXzabNKs30=","g7dWeQnCBWrBye6yhqkjJu5H9rwEw09ZNziF0Co6ttk=","xcSqYJ3dDAq7BQVO+HiHHBjndtpN1haPxHnfD1Jn/Pc=","Le6cP/aOiw52lYYoXYaEotKyOv9SqSBtHUHPhig5Lgg=","lOKTycR32bVlr52dsoqfW6Dmvol7nEHfaeleI1NlLZ8=","JzQI8IYt+id1y1vbRUbwxn3GTPvwHMxZOIxRoTI/qn8=","DSs4Wmvas/CYLnhG24anvIn9ejtoREwyppN0BrhYwPM=","s2D5KmW5/8panwwr/pSgUsOvkJmw2Zy9VnQE+QdxGTo=","K8JaDZx0aK8vowFnxTJ7okcwAEdR7JlU8REr13k6zvQ=","CSuG50p0Ckq1sZRXjY7QOq/6mbMuoyM0HfoLpX1OmoU=","pHI2IIektwZKbRl5XwMbA6alqUddGKJkYa+V4G2LWCA=","Us+qc9woLzJKG5BEIjz18nYKp/uPCDtSc9euV98fFXo=","6zfudXFeSGV+mq31CHtsXJH0c6niSuXGFiaSAIr8d3Y=","8HmyFmWZQFteCAOqqJHhBq8Tq6cnEME/lt/vRyzmQI4=","uRb90fw2EPTVDbE6atSCp55cwQAMft5dxXfjduTD4+k=","AQv8ZE8qNNZMo3UhjalwAr8KmkGQhuZaHAT7J2bnag0=","nsbDejhbdmwxnvs4KBv1fRx1CWEsh28RYBnnqRX+6p4=","qfjj66RfoCbo/bXM8jmvuP5ONKrDU7wYgSJb5epSfT0=","cBRsEmbm1xFVw0vf/87NQhUkI8U+3ssMQbdvgHukekU=","1YrTqo/3H1Tb8uI9/1yUMcWrLXNWgvNugxPcLZI4nno=","w18T0Mey9+UaNnXq9IhUItBwtOAzy6C0AreWlnXngiA=","KQmTu7RhlVwuGHRJXdp14oOqXFROwtkjO3vzKgsfaAw=","ebBHbHbs7DDBw+IPEb8+lywjbPzeeFRznfarX2Yrpt0=","k1u3PGxpNFvplpnTLrna9PwY7oozgMbfvb4cv447o6M=","UwhX9IJvELxjzvDcl2TWfuyikLXz9jQrPwz8gK7opsc=","mihFkVLeCIUm1uoGV3ZoP8HFWwy//SfAl+E4emYfx8s=","uQywRKkoDBA53rPSfXYMudc/3B+aImHOweN3pmcGRH0=","zOFO8IQfCZqK+5N1sPYH1QfH/wpm/YbgcKMlsVGTwAA=","RKHvdr1RQiUa3bymfaGWAIkkBGuoDz0GT5wwLIUiasQ=","iM1+fGt7AH8UnPll+vrWe6kF4nTzI0oaKXFZxphy6wQ=","56ik/PDq6qwze4t28ZA/vf4WryVO8l2DP3clAB8C9IU=","6tHglo5PJwP3jIzBmt/orfSKdXBOCOjpxwHg84B1qxQ=","z1dJ5g2o6LNVxWRFC1Pc+zr3YNZKfwGo+uuh/81/SNM=","4zo2dNyBBNjQJMO2c+2i11uUvsa8SvMAzFfjqIpMLJ4=","N/G2W4jqIjS0hAtXs50imWlUrTF438GwPdyDxuq8qSs=","oLveo2C5fSequ9PD9qcbWX3XRGvoz6o0+AcxEaJblOU=","vqHYrBkHCP+xY1V4EvoAXNiDaP/gdQMWyS4gxD7G4vA=","ELuAHPOwyjNUGgSWNlEau/sANMJIsZa7niJwLP5EQmU=","Qdu4sUwZiW/l9c5v0uIaOLHNFMaDeJ5spyMhKcLAIKE=","70/d47Zuj9qU2bRUAoYRPo6K2WwiT40wo0qBe4C3E2Y=","GGLbIkeLWEAH0HNxMuYNlRsNnKOvlETwm+ZjEmFXcIw=","/77ThyPV5M77KePnliAkJ9np+NFqrNg/b1DMKnpKmMA=","3iXZgYwlWlFraYKU8FBF/87nac6af0GoRUxrr2WeQdE=","nyIvreW9b2jIsB8SRGECqaCL5HatLiaf5yiadtUH/ao=","eyUimRvt0sD0EBQz3b1XawPt5cQC9pzNx1RGWyjfnq8=","j+ColzPDCcvZUrLHzJbgeyN968X4nQvJ0NBpVZXwTGI=","NgKSR0ITZqvV46ekHCui3FgQSNErKbMh8tc9vSmsF8g=","IiNh4VvhzI7U12Vwh/XFk7Sk3JDMLYx6r1fQlXFXuVg=","CHY6jrB0pZGYnl9mgogZyF9e1G/5vDuDnvRVmiTsV5I=","zy1BRvHn4i3JJLwryQ2EJFP4gvpCD7QHAiIluA8yFok=","FOpluvcsFi5hKPmZmxn8ueHyoBF1JrOtQnGSMozYbZw=","NvUUkq34xG1cRBmc8Puhle70e/mRJ9oWXEStyJQgymA=","rNuW0Mcx0CoAaHj/CyiznDNzIkEBY/pOvJu7KF9RWzk=","zGPJUpTYRsUX8cGQ9bpi2hXFW3p7QwaK0e6kkSPOHiU=","/aYh1U0pvarlGnItK7hALDC9U6dQPqlbSwbHCKXh1e4=","RUC6SO7xlVrmD9pftCsm2pFPs82U7tln3hAGcjbrOuo=","885NUfJi+DSAMbFoHE++RxKbR7Lp12pavmpE7aGsjZk=","aU0+cMsEmXXYtcB94HH2+JaC/a5uCHUpXYMQrULAolw=","1LJOHTzdNkP3GQVrs4IKckr71Hk5y6hiuxfwhQuDuN8=","0UqG7sYZ9pcxboMEp16iNHgM5loi6sKGRdt9Qd8J7iA=","oXdIhtvtna9SeUoFuOAliFv+NPqQJ5LP2exFhEsI1rU=","Vj47Ie2UAh3N2GFD7M41vTQlmp8G7DBhVbO0Dg6Kk6E=","6anCUJSwJMYK4MvAiZuCIV62EY7BXnVNTzYamfUFF1k=","d+6rJCLm0o0k7grL16yJr6WZpPEmLRbQ3p+N/SR8L34=","YPnq8u5JzrZE46HOcoKYKWy5WuR8kPjeuNi/34iCDF8=","Jr0qXWF/sPWYZLsfxn0+fxn5yRonqxA95jwsF+QAmAE=","pCbg7rWRgoqW2VRvOqwRSmbePmOIXHn8Qt8bTGmyYgw=","+wkMfsoWFsCdkrHOr6d3JRj1rh3SNZxGsnOTdLscrBE=","XHwpysn36yV2NxfB7iOTOdtOdgZ6QYMOnd0bpc2pQ7k=","dkhsBzHlZCi5VSUwRmqMLPOXZDEpwNvgOclka04LmvM=","eJlDLG1vFQdAGuhahPojscz99+Jb0bDLKK1UMCz75Bg=","BcrV0RB0o0t8hZju9vbYcf05u0HTzqlSOu4fc7lbLXU=","a5gBzM7prYqNHBdfVoJkjK1EHdoj72cvpEtOoMVZFUg=","m2ZCROnz89Jl/h0UFCAvINiSFf9yI2XQCf82SZ4yzYg=","u9zRxnu7ilW+gpG+zgJr433nnCw8BXpzSv38+zvXZXA=","SPqEvberVI+9H+Vog0maUXfIHAdOAwirRzERMEjpsng=","os0bvze4/oz10TDnlR9Xz2PC44hC0MrGvKoQUuBtssM=","MaQugcluoQRq9nLpTcWKJojOwTu2qX9zuMcR3i0jFy8=","XvNt8KmrkrJj0cPf6gn/TrzAfsGzAYS83msTGuZbTow=","/GjYUFD8Dl0mAmzFjgk5KAI+SuGeEAHkIQk44l/IVLQ=","PFoyWLRupfZMgZvYC+2mEitfkIPGqYSPeG5LG1ktsQ0=","7QtGAXep+XiNtQ3Wad9teckX/ljs551EJvWOPgFfn30=","tv5Lfj/u+NQA5WS1Oc/nwsuFumOzv9e0XnsIx/W0nb0=","R4owFrAhM+MtMRM+hN/wbAmccypEHq4dXO1xWmGw2MY=","cGjT1zemezET7UtDkPBV3jXVN8cCrGXnb/7gjzLcaVE=","kxd3TCVY+DHnzkKMaKffdvmr/Hh6KN6Nqw0+5mt7wqQ=","MGaBT7AHT9iE0TcYSDdRxV/OmaWWsK72CXlC+KDX8s0=","leC4kUKGH8Ff92JjbuiFOcs9YjD+pNfy4xQdyJF7usA=","LxOvBYfC3Lwr65XPaE+QMUlT5W6vVPZpGWQO786JmZU=","a2AGCkMD+5xDtD6yP6poGfOf3pIKiv7s31oG1r48IUM=","ojuQEh3nrb+O0KQKX0+IumqA6sUOQ+pSLa/G/MV02LA=","FMHXAiMPqevkiQ9aIJFHUjNK18q/Sxlonj/t6WHyvI0=","C1D8tlFP+N88n5gAjrYgje+wUgFY8HAInazqyQ8A1Kw=","FbnlgZENNupmExV2v10iQMUihCAVJcPSlHNucXkwm68=","HJtRAj5cM/6K5aCYFIKeipcKM4sDRJa867BA/Wbun/k=","15jRsW5m5r3l0u+Ej4d9OogTSGJ/UrKFX10127Pu0iA=","b+Il8enpOAqdUicnYuFNfZDjje5W20u63Nv0YrdwtDg=","RvFCs3XkoTxMYt8HANU4C2MHJXsjkFFhVkLREPUpi2k=","np6dizwygZvKY9uJsny5xpgZdSyJeN303kOXSo61dxM=","sECz3ak6d658QvyIJ/KwsOAcaqZMiMRaNCchH0VPKqw=","qPwr+eerFwl3HBZZPwf5cAIaVixDm54pwA18rx7+uKY=","P5GJXSMbn0qinTt/okShTNQl0VXKoCze11RZLzHQetQ=","BhB+QRZMC0Bs+fgYGYRKyTIoLB0+xOwPGZXHsEF39QU=","GjgH8rr4y8zwKaHQDTpb+YeSLFnTY9kLjHEL4vLsQPE=","lWyu0PE4pjncQ4pU8Bgd8UDFuLnDlcZq7u/Kp/nPaPU=","+2kS2c7+CMVUSjfoI52ZLZ0jq1lxF9Tn8fYy01DZmKA=","W3vGinS5U0zPTZEmNQn2X059jPEVWUHW98a+YhLIrAk=","V+8sBmu98mA9YU6y4l9AO2ARbykwS1FDZ9nTwOMtiJU=","745J7OQwuG8UR3G944zBhFCzpuxPyfuB/YsFXr75D7U=","RSnjfFsz9JBAGK68nkNqUt1bUZujuggy4Jm6QhPV2o0=","eKJM+ujlwC7Ia93/7PxH1xr0a8vszMKAsmM4T0CCdmE=","NlBFOO+cHKvBmnyjwuYrcgb7gGzhcxGfEXOHluiksNU=","zjpfq9kY9tL9wdf1QSpLwf0P0b4jXkzEv/HWVFvKoV0=","n5OJJ4Y0+00k1MtrVCBPO99lVnMd9JEtTs3sPH1x6Yc=","q2anaYnK1Auw7d0J3irh2GU/dJudXivegJdt6hSmcpI=","d6iEuT1KLNoag06k5+z56JNatUp/u9vwuiQWMp88KuU=","dbSwaQVrfOmH7/5+7ZuK02J9sI77lrvhrKy8cPYix54=","hig/2BMqFIn4GfRTAo3L9WhaP1fcQfEKdjlsYmo1jIQ=","deE8Fn8vP/yVI2fwxjPFr+ktWKo3u77iOqqhR5mhY5Q=","mlw1lZW2RlGRF3FdFtIEjibXia6YjhRcbVapgSHqvC8=","e5BWU45Fmgs0bGP6/Fo1hj2qqcCYpbc3u7SpQw3OrO4=","PmJgew/9L/MOp9quuVUpSL2Sup5Zf/YRv677v8osD6s=","v+TH25zPChk6NdPtUboSDstU2SQj0oIr5QP6QbDMLUQ=","AwIOhKool0bb7pkHfh0HIixwN+JHRhVk0A+MuRuVa4k=","soSof8OaQIsNYHT8IqNWXuDCGXfQ+0AJ5GqwqX8RqyE=","wFi3q6zGH/r+ktrCvtikKfOo4fuetpq2NYO7+cOGjvY=","FWNAikYpnSMO9x94vD99QjJ5vkhZ1t5KtNgo9+Paujk=","qBmNjNLeZ4DKGgf0GhFwNN+7oLlKvMh1M+2/OIQbO0E=","L3npz8Jr3oFyXr3mqBJxVSma+zna5nG7grrXug2sTqM=","76VyrwNzpEkx1V/zxTt2ILB2VnFTiX6Wi9nm0r2KoYU=","TOsMuXI6ObgiStIWqE6/NyPu5HXzoAHaaLuT5rMB1B8=","hdzwjbo5x5/6Cvmaorka0N3pmo7rgvf+jDWLLDXdyUI=","YV2cnwlTVyE5DnjcIE7ci2hE4WaIT7kokGeRpbny80g=","/XQzfPbjEsWn/AudLh/daIAwauXkkDSSsgbxLI+qItw=","vn7P+/guX1CtflJLJS9UpGC5ZJxSGbjGUAbQYkdbTtU=","l2q7L5yXqLaBKmJ5id3iILjFe7Rr9KHnI4oyvmu84Y8=","zphuU2oiQZQx8bo7AhqJ4+AM4/XF7GHAnXu6930QZRY=","06A+AbV+h2b6fAdIftoKO+It4Uvp8GJ36+PDYDiLJSE=","Z11V3VkURo2AX6ynFYWoOUOvkEud7INsudyT/DEuOs0=","9ZLUGayaaXioG4LO9uKS0uXTm1OkaxNkvNXuyU8oD0Q=","QRoyFgnsc4GRFJoQet+ey77JwwnFdx6z1cZTe6V3DWA=","VVFLLHpvdHs1Q/bcjAuYZEW+0S4Qrmq1kYLY6G95Hb8=","vTHwyPfgfSJLfKLyA7d+8qPdVvN494docQv3kJQmrYE=","/S0STudgOwXgnwls/5fUoacsfbEZfQF04RQXt3DUw8M=","mgNHJGyslW1HGO8OnJAEMJW+Rj2+2/a3g868FkYi8Z4=","f9/4a0OdjOwK+mxXN5Jui334rOWDW5F09KpqJPgXtgM=","5EzyoOoj38vQPivMM1dE03VwJUQ8x2CPkF7cN48EU2c=","NExpPLoMRyQZIZN3qPPYms73F8XfYMV6sp9QMX3DVg8=","dlOIgu9dUFFk3Md65Ikcr4HkehABGe5lVRUaOtKUzDY=","4V0ZeCNYipNLTNsyuV/o2YgYgFBR9ulv0DsMvM1l568=","B6WjZBQbqHp0TqqLa6x77uGY0qWpEGvTBIyHSk7yuhQ=","WozExhl+2HQsNP0oJm/a20gM/fWz8sdDSzVVEMWk2wY=","B4q+mhUY/3aCUDGigi5cbZPC/Hy5kxF2Vh1GRR7nf/w=","I0V4uwI4FTeMkxUsWlK6U0RSVNnXcp/yt4CpKEtVEws=","M0c0gHXy7ucAVIff2BAHlvW3WN1MJw4aWK6aK5Znm2g=","uXhm0h4cDI2SUDJ+J2hmphs93pUwyYDAV/mmiPFOxw8=","qvv4i7NHbn6z13fr1DcYmbBsrgtL1n/QoGGkRtbmxQQ=","2z88q0Jld+sLBWVzvyUZL6XtKhk4zRaGNB44+GF0dj0=","anhP+pmEtwEn6OjGFB5gzbBFcqeMPsYK0FO8Ax4FuHU=","PMWrzsAYB8cBAJVpTUT1BWjbK/cJwsFRXxftZNbj7/0=","1/YopR4XMjBShmwA1/hVcFtNPaUopUV6NrGMMx0YsQI=","4YhRmiLJWyTlvuNAnNwveLf3uBQq5Vr+DUr4OtmfK0Y=","VAdPzMU3lB3rXxgGkJJd2y6C1yPG0aeARjPg06I4UAY=","25+qsDTjyxKJtMpSbLUH7b46lUA6D3TvI+DiVe/2EXo=","xMQePDTQsP9fDY3mUiQP5EFbfwBt4WZ9IOV7C6VVhbM=","SIGDnSSavaE4PR+GRxvkeyygrWJv13YzSX0yng5+Okg=","UCzOAg8EHVMMnTbYC4+Vt6SGEv98a42B0BsPWyX+Zz8=","4d/P8eaZpc3XP9EL1nIPlFa0yPMsIiU0m3YouIhmvMg=","pJD9RF2l+wjdeSvMneepd8mHV0BBZjNJxrTAbTy8qAk=","yjYMqX3x9nn0Rk7uKq6cTeJDb+FrqTWTTQId3tIxu+E=","AekZUIuuTklToLINN0J45RXMwM4Ts/ie31ViPKl6T2g=","AqDBS5adx/mx4VJOLQxHnwwAeMAE1DJXVOUsCAxO3yc=","VyQtYVPQ80MVm53fWi6rbWGVTZEcbBNyIitIiFQ6KgI=","Cen3cvMaeFX3WxEfPbFHi4yF7bkyYb9kSTVhE44oH6c=","yC8b8kCCqOnYNjRE7vj3KEkmMJcPeH//5zpIyJVAnB0=","Zl+n35vamkIdDo/piGFGC3MIrxEsBXLkye843Ai2kSQ=","MiQUKVf+k+n4DftuAdd+k8taWanTafoPcEab8LLe418=","XOCY0JXltc8hykcRhi9x9SvuZfin0X4lfEz2T4l3Es4=","1WlKCizhcsiJMB3K+vBuG01dR1y+OZcGc+bT1Fyky4Y=","trDnGaSmAAR0PYarv48oHA/ksemDCa2x7l1IbcqUwfI=","jcDbNwKxPKVEovGqy3/qW+mfuje2YaMrCx1L0wE7qn8=","5Ijg/KRC6o4lXc1lKWULO+gIe9QP0a6mmBaZL8PW8nU=","ROfzEuyvUtctQMTMyo1HZZ0Ku02zU950a78YWGFYsXg=","9pjy7+CySOrjaIUTj0QpXY8DGHXKq3rK3+NBjzwW19o=","tVNyTrjW7eKOHxoRwX+HqN7YF5lGClKGMl9vLSzUZWY=","OLk1x29uX7LbiHsGB6WwLBJ/G2Q+zRv+FAcKN2i+ZFs=","tpTTeAbZ5s5PLxH32VDcKwkD9gWA5E8cDYxDKz0S/SE=","Ke75QObxAds2gnSpxdHVGQKQmnuMN1uJ/CIX7GyUhgQ=","ExO4/vfeSuS6fRtYJob2508DNGS5VQZsXrFCVJyq928=","cOIGCu+9mIQV1fl2hcrT7d1zBrUPCNAN+pbtQTA7Y4M=","yCmvTq/D3tgV0wJfq4DcWPmJw1mNuDqrgoIxl6p1TCM=","7NzaWqU02h5kcBjgpi77gfd5gkqrOzL+sXEBrUqXHb8=","R2AIM5C2RU0hE1JZLr/AR0zKcJgM4svpCZ/TzK7KeIY=","yOUKc9eKGCRs3euGimC1pSggcYnQhCCM6i8s7Ystn0A=","qhstItJT+o21cCMRNE11L2CZD74aczFCfMWz10eAI0w=","mV2RDPR3d2kGfJYn2L2T0I8zjbhUYBHhP/94ydIwH2k=","ZnAXQVKlrspyFXECNEahqcw0XPPBYEUSxSunvQxKoL8=","eUHr7zHQ8C5rSr0DAe/ClUtRclw3dX24sD/s2g9TpCg=","rqnIDYa9VqKntrY/rq0120iXX2Vqrzb3nLiHkpTvR9o=","WhKJnp4jghCp5XXBs17yyT7PJEjEjCkRymUiqSiGlVA="],"block_size":4096,"path":"static/media/img-avatar-mockup.b308c6af1fcb49bbf49479e0686f5cab.svg"},{"block_hashes":["bgxhXGRG7qrd6ZIzDG7l18SWh8wBd0oy/GegzfMqVL8=","Ub7ZGT02+TKZn0y8tRNjSOs39wWIm7YV35FrEcxiXt4=","YOyXq/IpfSHAIr9cxxXK4s2bNruAvZB2FzY0kCL4CE8=","AEqbeMEgFkox3ESEIZGCiRhveC+9IDJXHu/ZjY1mK6I=","HoNapqxoJwsdyLQD/RHt9aLFrwtbNx/3sYTS0PVtQg8=","zzj12bmBOhd/RocCeK8Wwt81KBpnttWXUOGuDafR8mk=","SiegC+rHsTJ50g3jA0l9a2m7ukUhxM3234EhVwg89qg=","EQfkRoLPZmgPahb2NyWrFAuTjphyxV4M6P+jYESeirU=","NSRVRVwKACgPC8/xCq6wMg5wb04SEHj1eVEoz5Q8fEY=","gJlujdRu5C3vnApXNhyn27BFFtAEu/VgMmy0+M3mjYE=","U/lk6hXk77w6JZhsf+oDYJm626AaTtV0M1ANHK1vxuU=","U4DKTR6ldcx+UuFfNImbm1l2/cZADz2os3DzPy2EnAA=","AxZtmMvie4kKl8e9ucMvxdkA8uHoLcxV02Gtv6d6w5s=","dr0CjVSP6Q8MxuxYh39v1CJPH7Mo7jppFbV2BxdhZWk=","/LJcqiQt1zK63AU7QEU5TbG9M+bmvR03WSxGk/LVW0c="],"block_size":4096,"path":"static/media/img-bg-active.c4f5979384ea807c9d4e.png"},{"block_hashes":["Z4lQPzKjkXkLG4kF2SyR/z83XTREaEKeN1hjAvPBlNg=","4vA2g2e2Ws+POAC6nwwsy78Duw18+gmHRK6r6f3TwME=","eFQdPDF6BPgvL18CbJc8vtCfXTtslm1f+yuSR7rDcKY=","mgw6Ppo6UdRnhOuyEX8SVdC5WoOEyyeUjtqL3h8UUbI=","MYA9VSou9L1hxQEFYNiN0MHJ37Kg49qowD/T6M5ovXo=","mIEkg4ttmcR3WPkparKIjvCzdEntCOygZ68Jg/lv9+I=","ZXtWyI/A77dle94/yeDLfh+P66VlLiJaRsffie/RiIw=","LCAurPE5NRS/6/LtEbIYxf9eMZfV/wBli7HEOdlyBB0=","aocOrY3pF2rAsq/U03n5WuFp0qX7nxjYUU9D81t0txA=","EycpnaoeRWhLEZRA/JYAXREWuUcdoXUscyIXyrNDVzc=","IUTSDvTgUeDgN7rHanrqX//qQpe+SmXWUKz7dk35XSQ=","f6lvYJDHiDeIivs6fuOxFw09TFnGkkSZVd3lricD7iE=","JA7qheTwAqgMQ50EXxKYdnMdrHMLOL7oV7OGG8LVufw=","L+g16A7/BxkPaGuoGIf/YJO+40uNf9ed3EOYFJGplqI=","YBD3G2l1uCjGLl9EWlh4iXYppQftdFanGmYQPOpdi6k=","Z8tKKLHhPSfei20yaD7e4lbMtvQQWZLBRgFKW4SWtrA=","JrNWsV8X2Aze4MeEChL2D4AqdCBdhzShEPqps2HM3mk=","bwFAOMTaFoSQhtTqAHNMnAL4bYttkUdsyhQAYpuaDVw=","QKLHzSj3HyxM7f4fLnYTDB6Ui/1B+dvH4yn2ikZrJ8E="],"block_size":4096,"path":"static/media/img-button-activate.596be77706adeceb8919.png"},{"block_hashes":["N5Jyo5AkRgbmddNijkWDmPQ/N/GdnlgWn/WryMNSq7M=","RZ/iTd3qXw/i1fPZS4UQr44GtX1hRnlnQwvNEIYl+is=","foNXd3a36A4VTDcTfhh13R5KYFejZUePp+RDw0bAxPk="],"block_size":4096,"path":"static/media/img-loading.1e29259ed59121a9b7b4.png"},{"block_hashes":["Azyj2WEsf67lZlN8vFaYj4H3jM3iwfN1BTqnBD9q9iY="],"block_size":4096,"path":"static/media/img-wifi.9ef1206f180784d1329c626df8bb6c95.svg"},{"block_hashes":["9sTMSnh3nl/wtdGjRfqeQmstcr0u91a77JZfuWV5YTA=","9Q7QDv1VooTJqo6rgWlcqi2AymH3BPJgcd6AOanUiB8=","lF7OKThl7iXM6Bhh9iIOLq/QMiqWRCoAwhOfMAX4K20=","4fzb1Y8Ktr21Ua1NymJhZorkXSTNkX/Bxywrgee/MNw="],"block_size":4096,"path":"static/media/logo-large.ed87f475a06b49fb7da1.png"},{"block_hashes":["fEKXLXbECt0bx07mbdU7ZEJDSHjQ766TtApFghUwq4s=","Xbq33Os+sUredaKRKdf3mn4UJ36ybTu9X5lILgz+46s=","wld6tCcJnko12Q/54KhY8RtVyjkD7MZoH6qH9CwPcZY=","eY2zur4OOYk8xe4cRE3aKZdc61EdLT64l55ft1G5z+M=","dUfKrO57hu3mjbDlv+Pt+JuwCgmoADSr7FFaSUDi6c0=","jV9A+q1XQoa5gJ9BWou8p7pQPY7/OyXZ0VbV6Y9UANE=","Cj6pWQUkO0HZjbgPKfPX0Lng/0Wbfy2XDsmXk0BXFt8="],"block_size":4096,"path":"static/media/logo.f773fae66381fd10ea06f1aae5ee7a87.svg"}],"version":2}